Shooter,Shots Attempted,Shots Attempted Per 100 Possessions,qSI (sum) Per Game,SSI Player ID
Sean East II,192,6.417,44.286,673bd14c-085f-4173-9211-d62ae307b0e3
Max Abmas,104,3.665,10.002,23961594-cb8d-4560-b709-2ace5a6b16a4
Terrell Brown Jr.,102,3.907,-6.876,0784aa6d-2f58-4e8f-8fd0-d3cb2fd08ff8
Daishen Nix,97,2.598,-13.484,06212573-e2e8-4bfa-98cd-4484063dead1
Mark Sears,95,3.939,-1.532,6af77143-6aac-4199-ac80-bfa704e2ca51
Koby Brea,95,4.046,43.000,e2c4bc9d-2cb8-49d6-962a-07bed124b6c8
James Akinjo,92,5.086,-3.758,889010b1-1e41-4488-97c5-030be0d70083
Tristen Newton,91,2.457,8.635,ea2c60f4-30d3-4154-b99e-b907b24658bf
Javante McCoy,89,4.434,26.962,fac10e71-d936-4a9b-b017-2e3b743f9833
Trey Alexander,88,3.227,5.068,eae5a4b1-2701-4843-b7ed-ac8677e6446b
Mac McClung,87,2.822,17.022,d9671fc0-754d-4cd1-b61d-2f6526c31497
Jaelen House,86,5.222,9.125,e14de0fe-50fa-4322-a5a2-55cb2137e6f2
Curtis Jones,84,2.762,1.922,69489a71-b1eb-4fde-b687-6385e03c1e49
Dink Pate,83,2.662,-7.330,dc8f2d40-88ec-44ef-b6ef-09404a5d49cd
RayJ Dennis,83,3.036,14.938,5c2a5944-cadb-4619-8b0d-04338c63a470
Darius Brown,83,2.650,18.395,b7ae8764-a482-4551-82ac-7a91c8292e4b
Jaden Akins,80,2.770,6.962,e6acbf72-2032-4b3f-9672-62f8052c1873
R.J. Davis,79,2.668,13.419,af3e4f66-d651-4875-9291-4ee32c6a65dd
Stephen Thompson,77,2.880,-1.570,41e105ed-f146-4aef-a65b-262abde1841e
Malcolm Hill,76,2.486,-3.457,99f046d4-e2fe-495e-92e9-472b6f6a9c22
Wade Taylor IV,72,2.593,17.024,d809ed56-e0c4-48ab-9cb2-e6e94a8c0842
Isaiah Stevens,71,3.171,1.069,27b14c86-8f8d-4cd8-a8ec-bb051cd871bc
Jahmir Young,70,3.167,13.890,dc80c41d-ab1d-4aa4-be9f-8830d7e0dd62
Dalano Banton,69,2.449,-8.783,ccd8ec3b-3e5b-4f39-9b41-91882f179a73
Damion Baugh,68,2.724,-7.610,bcde43ef-a7dd-4d4d-9d7e-a0585052e0b9
MarJon Beauchamp,67,3.537,8.776,a17b838f-efcd-4d85-adab-39e05d579e13
Bryson Warren,67,3.902,-3.737,de89d563-ec4f-4356-8cba-afd95b5a975a
Evan Gilyard,66,4.072,-34.020,0f656aa8-c62c-4fad-ad9f-3442cdc15e50
Josh Christopher,66,2.892,27.203,207daaca-464a-4e71-8c77-cae31615c0e3
Jayden Nunn,66,2.456,-1.192,174b4cc1-dd31-428b-97ad-093422ffe324
Cormac Ryan,65,3.560,6.968,f3f41cea-955b-4ff5-b6fc-69991789d721
Sean Pedulla,65,2.551,-3.589,6068f2de-9744-432d-b3f4-f73da0894927
David Jones Garcia,64,5.781,-18.207,8207e744-783c-4fac-8d78-52acb829f00c
Jaylen Sims,63,2.211,-3.600,4e475993-d453-43ef-a5dc-52e715e3e5db
Boo Buie III,62,2.228,7.574,2327ad6b-a87c-4b5c-8dbb-c64690426e98
Killian Hayes,62,3.253,6.806,9a826fec-5df7-4a14-8637-3364dc9433c2
Taevion Kinsey,62,1.950,-0.478,b17e9b18-8167-47ec-b96c-1a1c88208376
Drew Peterson,62,2.652,-4.035,b385f90c-bbc7-4346-8507-4d626e2c0c61
Teddy Allen,62,2.798,-10.104,03318058-7f1e-4d54-a8b4-cbaf7e836a78
Nick Smith Jr.,62,6.037,35.805,b2d1fbf7-72be-4469-b0c2-db6677a145bd
Dane Goodwin,61,1.912,-0.483,83cf7787-d441-4c3a-b5de-a2b2a623350b
Mark Armstrong,61,3.072,-6.913,3bc6f704-0fda-4f85-a681-a41d1178948b
Keion Brooks Jr.,61,2.046,1.486,088649fd-bea2-4353-a931-850c918b0337
Ahmad Caver,60,3.075,-6.855,b37bbd3b-102d-42c2-9bfe-7874d64e9068
TyTy Washington Jr.,59,3.418,51.489,0b1c2f8c-380e-4f07-85b0-3b5ff4650d00
Jon Elmore,59,2.216,-8.237,65bebd10-aa65-48ec-845f-2efcb122287a
Jarkel Joiner,59,2.570,-10.931,994212e5-17be-4696-bd46-0efcd68787bc
Chance McMillian,58,3.219,20.013,d40fdb50-4ea9-488f-85e3-aa57164f9d0a
Kyle Mangas,58,2.040,-11.638,509e10a3-69e7-41cc-a0b5-44de8eb4659f
Lester Quinones,56,1.834,5.725,e4c6a53d-37a8-4278-9230-5a9d9ccc6d02
Dwight Murray, Jr.,53,2.469,-15.363,7880b823-77c5-4925-a287-1af2424a923b
John Tonje,53,1.929,9.689,5bfe6dcb-3da9-45f9-95c0-ed690168c7ba
Chris Youngblood,51,3.228,37.298,35206de4-a3c1-415a-b596-126c0ab7b44a
Yuki Kawamura,51,6.431,-77.659,3d921f8a-1119-4e42-be46-c22ae84d5f58
Kevin Knox II,51,1.888,2.574,868bf1ee-0aa9-4762-a685-b32801d25e6a
Dexter Dennis,50,1.718,-11.275,b9d78738-9b74-4fdb-9c3f-bce9cb72377a
Chaz Lanier,50,3.676,21.434,3ff2c55c-8857-4cde-85eb-a42b87da7dcd
Miles Kelly,50,2.382,9.094,8e41f240-6f89-4f54-bcc5-534112efd3c2
Jaden Shackelford,49,1.647,-3.952,dfffb2fc-160c-41a4-9a75-af0a21d2ba76
Dillon Jones,48,1.551,-7.109,7c13f8c0-55bf-46b9-a41e-cbaeea35c13b
Hayden Gray,48,1.758,-11.863,e901ec95-f7cf-40c9-af32-8dabb981b3cd
Brice Williams,47,2.131,9.449,bc4eee96-6dec-4e4c-ac60-d467785926cb
Jules Bernard,47,1.454,-16.833,7c2fd9b6-9749-4ca1-8d58-b773ff9223dd
Javonte Smart,47,1.918,2.227,a340ee6f-51b2-400d-8c06-295617b4c779
Jaden Springer,47,2.503,-1.933,8a1c8d1a-13c8-487e-b85e-6b10ecc1d39f
Trevor Keels,46,1.838,-9.005,58189b84-2563-4034-984b-e61021022c4c
Tyler Burton,46,1.559,15.675,382afece-e02d-4ce2-92ac-92b1d2333d2c
Ron Harper Jr.,46,3.849,-7.337,0fc9db0f-ca5e-49e9-a003-973fa4fd8839
DeAndre Williams,46,1.822,15.411,d240c74d-0376-4b1e-998d-190b778ced1b
Sheldon Edwards,45,2.237,-2.062,8d385c74-6c2b-4704-ad41-8e5519b11012
JaQuori McLaughlin,45,3.132,15.342,a05930e9-6846-4c42-b5d6-f859b92d97fd
Caleb Houstan,44,1.809,-18.470,0ac0ed6b-ebe7-4dcb-b924-c14e31262efc
Kobe Bufkin,44,2.713,-12.220,9e453254-b85d-43ba-a615-8bf683d94834
LJ Cryer,43,3.733,19.944,51c89cc1-c192-4e07-878a-436ad5c2c70a
Kira Lewis Jr.,43,2.043,9.581,ce287780-67de-44fa-86c2-d87dec5a1e28
KJ Simpson,42,3.365,-12.304,1287087b-e6ba-41f9-b2b5-a3d2d1c8d682
Jahmyl Telfort,42,1.365,-7.651,f7cdd34f-d626-4902-b05a-e39f9ae32dd4
Max Shulga,41,1.544,5.636,be819393-353e-4c46-b682-d2ee0d11e736
Kobe Johnson,41,2.232,32.882,9f123592-d747-4a41-b903-ad6bcb6ac751
Alex Schumacher,41,2.726,-6.347,74b58589-0ca1-4a71-ac83-93c57a2e8b83
Jalen Bridges,40,1.241,5.281,1c7e1fdd-3a9d-4509-b079-a329c993e9d4
Stanley Umude,40,1.447,3.195,73712bb9-3143-4176-8eb3-cef6d45e9f92
Victor Oladipo,39,2.697,-22.391,ff415fa8-89ef-11e6-bc85-a45e60e298d3
Chase Hunter,38,2.134,-1.481,50fd1b80-b17c-4168-9cd8-b67adeef9040
Kendall Brown,38,1.365,-1.189,84863ea4-7e22-4827-9c1e-091a16291b37
Erik Reynolds II,37,3.122,-9.987,f3572151-dba9-4dc4-a48a-792e17a3180b
Tevian Jones,36,2.086,15.167,1d44afa0-7106-441c-b8ed-cc5e216e866b
Charlie Brown Jr.,36,1.207,-9.739,dfa6209b-514d-438b-9c4c-bd6f1ff85613
Hunter Sallis,36,1.823,-5.978,6d6c60fb-827b-4b00-9033-8fb8a4fb0f32
Antonio Reeves,35,1.566,9.402,19004e0e-7982-4513-bdba-24e11e49d49d
Wendell Moore Jr.,35,1.717,-10.674,96f746dd-7dfb-4ea4-a98c-39ed5d2a0fd5
Kennedy Chandler,35,1.131,-2.844,90cef14e-ebcc-4a00-94e1-b06d8ca04701
Saint Thomas,35,1.434,-1.755,9ac60fc8-a677-4c67-8b1a-92c61ac71eec
DeJon Jarreau,35,2.210,-29.157,3cd02b89-3d2f-46ff-b392-29215f6825b4
Javan Johnson,35,2.197,7.672,5bf3dc6a-f0bf-4146-9233-0714a95538e5
Elijah Harkless,34,3.476,-5.436,629588b6-9560-45b9-ae52-ff90c299fc4d
John Poulakidas,34,1.449,3.411,12bf97f3-6476-4443-af11-5228771faf66
Eric Dixon,34,1.493,-2.129,11ec3e54-7b96-4e1f-856e-8933eb8de9c3
Damari Monsanto,34,2.408,18.814,63a42b38-d8f6-4214-aa03-cb4263b02a9a
Dakota Mathias,33,4.465,74.101,9f1f34c6-66d2-4093-9328-d2fffffb97d5
Kyle Guy,33,2.095,-0.451,9eed3d99-6049-4cd0-96bb-4fabb8ad8ddd
Jordan Hall,33,2.485,-12.940,4b98be48-a61f-4372-8f5d-25f914555a83
Javonte Cooke,33,1.939,7.027,0c8af3e4-85bf-4c62-921b-d5cc21594198
Chucky Hepburn,33,3.005,-17.786,4ac4a0ab-ea85-4870-8bd5-9670073a3df4
Nikola Djurisic,33,3.485,-16.883,0e381936-04ed-49fd-87b0-400686b3e145
Jalen Slawson,32,1.317,1.353,ee32b868-f2aa-47fd-bc12-e2df467173a0
Franco Miller, Jr.,32,2.733,-25.438,d681a7cd-c0ad-4497-975c-f750b762a74e
Sean McNeil,31,1.495,4.727,4f71e857-f644-4dfc-9ae8-65416c90df71
Quincy Olivari,30,2.498,-12.899,cbbbce73-763b-4e1d-820b-1b8f62857eaa
Zeke Mayo,30,1.600,3.973,2aa9c687-ca9d-4478-a2c7-8f2797b308b2
RJ Felton,30,1.820,6.736,a593fa2b-cb79-4f8a-8139-bba7a2133f2c
Craig Randall II,30,5.008,-6.662,57c94d1b-101e-4b0a-afc5-d9716233e92d
Ryan Nembhard,29,6.808,72.475,f43050bf-10e7-4919-95a0-272b4c616687
DaQuan Jeffries,29,1.297,4.967,b969f906-aab2-4845-b038-70ec8482bed4
James Bouknight,29,1.011,-7.784,a4bca3d5-c8c6-408f-a4bf-22453062b4b9
Jalen Crutcher,29,0.867,21.280,938ea26e-95ff-4f3b-a385-a965af8195b4
Skal Labissiere,28,1.000,9.718,0943dbc8-178e-4cab-97d6-3f31747698ab
LJ Figueroa,28,1.268,-4.681,629382e8-fcc6-4974-b0a3-99fd67940f2d
Alijah Martin,28,1.162,-3.893,c1035422-a088-42e6-8ad3-db400bb52aa1
Matt Allocco,27,1.539,4.282,1542fce4-02f8-434c-8e0b-c655313fea33
Steven Ashworth,27,2.733,20.139,63e0883f-eae7-4a6c-ad8f-c7670247241e
Kameron Warrens,27,1.737,-11.131,14a1175f-1e82-4a12-9edf-f9445dc58270
Blake Hinson,26,1.112,10.541,64b12646-2555-4dd0-98eb-cb169b3ee58a
Zyon Pullin,26,1.624,27.521,21f03dac-c84d-48c5-80ce-a54781f63914
Alondes Williams,26,1.122,-19.501,e555cb48-990b-4ef7-8464-59adc6adf34d
Jason Preston,26,2.692,0.198,b609ade3-6177-4d12-8f4d-e717beb97f97
Jack Clark,26,0.912,3.117,baad4031-1f9b-4e88-9ac6-9c40ed79d7f3
Matthew Murrell,25,0.987,-6.501,42aff9d8-9839-4949-ac9d-97663c8eae23
Ethan Thompson,25,2.122,11.183,e303b1cc-a268-4f85-8063-e447c757ede6
Johnny Davis,24,1.622,0.508,bd507dbb-cb87-4e45-ad2e-1990df07ac20
Taylor Funk,24,1.127,1.553,951413b1-0a17-4edf-841a-5ca7b9a2c275
Pacome Dadiet,24,1.792,-45.810,810fd8fe-5999-4962-9441-004f4a25fea2
Malachi Smith,24,1.193,-5.589,cf11631f-67ad-4f08-9466-e66859baa68e
Sean McDermott,24,0.920,10.426,b5d46463-618d-4328-a3ac-31239ed7af7e
Kessler Edwards,24,1.168,-11.021,0dbaa8bb-491d-40b7-ad09-f4605dda699c
Adam Flagler,24,2.524,36.220,60b1ff6f-7e65-4d93-8b0b-fe76747cb0db
Harrison Ingram,23,0.864,-5.402,289b86f4-5aea-4603-a5e7-54793e5eb584
Jeremiah Robinson-Earl,23,1.187,16.126,1a9ac6bd-8b02-4fe8-8096-c435a2a90100
Jaylin Williams,22,0.947,-7.238,db384374-d594-45b6-a3de-9aa8a66dc226
D'Moi Hodge,22,0.995,-2.338,4fca8d39-a522-46f0-b222-226b8180e35a
Keyontae Johnson,22,1.075,6.570,d5348336-15a5-416f-8312-bd7030a6277b
Tyrese Hunter,21,2.846,-8.715,4f89702e-6e19-48ef-9be1-8da8a0837a2f
Cameron Hildreth,21,1.068,-8.132,2c4cbc5a-83fe-4562-afdd-859499b77aa5
Nikola Topic,21,2.958,25.890,deb86c8a-aaa2-472e-a66d-a1cbace2c797
Miller Kopp,21,1.255,-2.049,817c559a-6812-42ce-8373-1e8132f3b917
Tosan Evbuomwan,21,1.085,-17.919,3836af33-7171-4f6b-b4e3-7dc129d8efa6
Daeqwon Plowden,21,0.988,-5.474,daca4b6a-526f-49e8-a02e-ba59acb77846
Tyson Etienne,20,1.149,-8.054,316deed2-3f6a-4c1c-9508-2dd0c937cd4c
Donovan Williams,20,1.023,-5.785,12136b74-23d8-49b4-b4de-98a320969c76
Leaky Black,20,0.788,4.284,baf1b89d-5bf9-44d8-ae08-43b643b89914
Terry Roberts,20,1.916,2.889,6b0963ac-b00e-46cd-94e8-e60dc3238718
Deivon Smith,20,1.556,-3.183,9ffb6f28-8fa0-4650-bd30-47f8aa7235a2
Tyreke Key,20,0.860,-2.213,a9ab59d3-2f04-49b0-b4fd-a265d98af568
Bronny James,20,1.729,-12.056,ec9d7a06-798b-45e0-8eae-a5bfdd92f0ba
Brooks Barnhizer,20,1.376,-17.787,6b9ff8ac-a24a-46b2-8a4a-4f4015c6b353
Michael O'Connell,20,2.869,11.270,e4133038-cf2f-4227-a6d5-566eb968a245
Pierre Crockrell II,19,2.026,-5.690,1a254905-e1db-43b8-9f5c-b1bf4e663150
Luke Goode,19,1.251,-6.032,4144db18-4210-42b8-af58-fd1dd83e87c6
Riley Minix,19,0.866,3.783,d4332b50-b7fb-4429-9525-e10587f584d9
Jaxson Robinson,19,1.127,-7.283,e7e970a3-7025-4ccc-b0f7-271f94238ee5
DJ Rodman,19,1.388,1.567,18ec54f9-3c06-457d-a0c8-04f2aa513754
MJ Walker,19,1.121,-16.589,2733a0f6-5816-47e9-9972-a4f253f15038
Dennis Smith Jr.,19,1.187,-8.929,4a0f330a-e571-48c4-a685-f82c9436c964
Ruben Nembhard Jr.,19,0.810,-2.211,27574eb5-d76b-4147-882e-38f3edc014b3
Keon Johnson,19,2.458,-16.534,7cfacef2-8c7b-41e7-9df3-4a570a6de468
Hank Morgan,19,1.902,5.134,29d938d7-ce0a-4aba-9b2e-b17b2e8d8ee5
A.J. Lawson,19,0.799,-2.264,ed39e2d6-ce65-43e5-9ea9-d579d0526a1f
Desmond Cambridge,18,1.592,11.491,5f4ae0bb-b9a5-4c83-8441-1e627500c265
Chris Livingston,18,0.960,2.824,f79d533e-f423-4752-a088-6d507d795bdb
Jamal Mashburn, Jr.,18,3.830,36.181,e2dcfe4a-9e16-4ab8-8eee-e15ca0db6eb5
Johnny O'Neil,18,0.787,-3.014,266b9ca1-6596-4d2a-947a-0f602c0af725
Jahmai Mashack,18,1.756,-29.187,f851dd8e-83fb-42a9-8b76-cc5afe5350fa
Taelon Peter,18,1.385,-18.294,c870f7e6-686b-40b6-859c-ced3b397cbd8
Matthew Cleveland,18,0.932,10.432,45913c55-0376-4b4f-9935-00471ffb3033
Buddy Boeheim,18,1.572,14.437,b19737e4-2806-4548-b14b-2062175fb05e
Patrick Baldwin Jr.,18,0.828,8.443,45b328c0-b3b8-4a36-a0c1-28e39227ca85
AJ Hoggard,17,0.979,-4.774,91fbbfa3-eabc-4c5d-b0d0-b2fc674c84bb
Keshon Gilbert,17,0.662,-3.626,10762d58-0a4c-416e-8e01-0af744c29286
Reece Beekman,17,0.600,-9.462,a419b920-f119-41d8-af53-47d3b49ea811
Jameer Nelson Jr.,17,1.454,6.784,55218f5a-96d0-455d-953e-1af096389bc1
Colby Jones,16,2.909,-11.218,80ea0675-30db-4ebf-b37f-eb50552e8d0e
Dariq Whitehead,16,0.994,-6.420,9f8b2ee3-8cc5-4a92-aeb9-c8c52d6e37a2
Terrence Hargrove Jr.,16,0.906,-4.831,06c40ea5-9150-470e-8f6a-7cde4a102ef6
Nate Santos,16,0.796,-4.207,5d98e4d9-9d4c-416e-896e-662ef6de036b
Marcus Burk,16,0.801,-1.632,017ced69-5d96-4160-b064-3a051a5c9efe
Manny Obaseki,16,1.197,-10.025,e4cdd91f-718d-4c35-95d1-b3aa28ef79b5
Anthony Pritchard,16,0.719,-1.762,58d7789a-e4bc-46cd-91d5-01526491d417
Malik Williams,16,0.612,-0.710,91d9d39e-7ed1-4320-80fc-4d487e79b1fa
Jonathan Mogbo,16,1.075,4.482,12f2cb53-d3a1-4a42-b6ed-9238a8eab4f7
Zhaire Smith,16,0.481,2.952,bf29165e-4d8e-4760-a070-5502dd6c2176
Jazian Gortman,16,4.444,-8.484,dd6ea48a-5adc-4411-bead-f2cf2861a9ce
Chris Manon,16,0.626,0.729,5dde0a80-753d-41a6-9ffa-6193317a3a17
Justin Edwards,16,4.020,-11.826,c2b8cc6a-c87c-4dc5-bfea-c4630c2b6f3e
Stefan Todorovic,15,1.223,-6.333,a0dbe31a-75c6-4777-a920-d506c5633bdf
Enrique Freeman,15,0.567,-3.791,f838df3f-72c5-4cf1-a555-7182e3dccd13
Bobi Klintman,15,1.047,-6.733,61c18542-cf37-49c7-b486-337bb809d326
Trey Galloway,15,1.074,4.916,8303a10f-1748-43ee-9c4c-59abdffdaf87
Cameron McGriff,15,0.961,-1.375,55ec130c-b918-4d9b-9fe5-9b79a5f370f2
Paul Watson,15,1.003,2.972,1aae577a-f08a-437b-81ed-160d66e586b9
David Roddy,15,0.748,6.218,ab0a4d97-fd7b-40d9-a72f-b2a862039584
Antoine Davis,15,3.171,33.633,cc05d44b-5260-48a3-b9b6-61ce282a67c0
D.J. Carton,14,0.623,-6.284,b902fc9f-4b1a-417f-8af7-bfa5c66c95a3
John Knight III,14,0.460,1.457,534e334e-2adb-4b8c-9614-8552f0dc5f6d
Zhuric Phelps,14,1.414,3.239,cbddda95-fa69-4ae6-b6b0-247f5c669b7f
Gabe Madsen,14,0.490,-1.186,7e84815b-7663-437b-8751-28d60ef2c65b
Alize Johnson,14,0.585,15.105,c97ec77d-b190-477c-8f04-2d8be4554830
Cody Martin,14,1.570,3.068,0000b397-3cf4-4dd4-a910-000000000131
Kadary Richmond,14,0.782,-3.755,5f0c2302-aaca-4ac1-b70f-f25abbe14186
Ben Saraf,14,1.216,-4.241,f92bdf23-732f-412f-9b84-9c088cd9474b
DaJuan Gordon,14,0.806,6.300,b7cd24eb-bd7e-4dcc-99a2-7236606d1541
Caleb Love,13,1.808,-16.983,163d0a85-fc13-4c76-8e98-93aae28417d2
Chaney Johnson,13,0.658,1.910,4007e9ee-5f46-4b39-9d77-0001aa54f1f4
Jabri Abdur-Rahim,13,1.118,-11.245,5ba18e46-b710-44bf-8369-1185adf0ce77
Marcus Garrett,13,0.676,2.983,723b0c0c-ac5b-4b0c-b84c-01da7be6c705
Kevin McCullar Jr.,13,1.412,2.791,1ebb0958-b242-4b10-a0cb-cc3182f35814
Markelle Fultz,12,4.286,-14.756,1114f266-df53-4313-b425-0021dd87864b
Hunter Dickinson,12,0.434,0.125,00c80505-49a6-4ed4-ae3d-decf5a59b3a2
Amari Williams,12,0.707,-0.987,7f8f2047-20da-4fde-b1c4-e046ef5d94f1
Justin Harmon,12,0.556,-6.745,4c8abee4-0270-4d98-b4ab-cff9969857fc
Caleb McConnell,12,0.880,-1.551,9ea29be6-8741-4b28-9a3f-b73d1919c900
Isaiah Roby,12,0.667,13.244,19602b62-cfbe-4d35-81f5-bc244327960e
Caleb Grill,12,0.634,-6.614,bbae8544-616e-4d08-9a98-a20e5d47e694
Payton Sandfort,12,0.860,1.405,54f7a3fd-6e94-4630-9ca3-e05af980008d
Sharife Cooper,12,1.523,7.444,2d470912-d9ac-4456-916c-372fc4c84cdc
Nolan Traore,12,1.356,10.347,4b2dd1ee-169e-4af4-9877-1e600ccc1ac5
Donte Ingram,12,0.648,3.746,1034b6f9-7fc5-4f5f-94fa-2ab920658dd3
Johni Broome,12,0.669,-3.920,12c34cc3-1005-4454-bcfa-a5332744fd4c
Justyn Hamilton,12,1.211,-1.398,7be325aa-4951-4bc9-948d-d4177d4cbb1c
AJ Johnson,12,1.563,-21.343,2b0ac9c2-0fa5-4ee6-9881-03b737e11dc3
Trevon Scott,12,0.504,-7.572,fc067294-4b2b-42aa-bea6-88cda36ce6d2
Isaiah Crawford,11,0.766,-2.108,cc5a020f-5862-494b-a997-26288b4f4f12
Tyler Polley,11,0.691,-4.418,e48e99e8-0b78-493c-9d6f-15b65e7869c6
Malevy Leons,11,0.482,-2.554,a6b91d1a-7a93-4bda-8562-d762d1f5ad47
Liam McNeeley,11,0.863,-0.338,ba22d012-f7ce-4a1a-873e-d6c3ccf7ae5a
Luke Travers,10,0.978,-19.232,ef24e628-6674-47d2-8fea-a8ceb61e0fb6
Josh Oduro,10,0.392,0.366,8356850f-e674-4868-8a3b-7cf5b6193dce
Kellen Tynes,10,1.818,-4.042,83a05254-611e-4587-a927-613bde48b6ba
Tamar Bates,10,1.167,-2.129,4e132a3e-20b7-4058-9b69-c71ed0bfd654
M.J. Iraldi,10,0.609,3.016,bc70e8c9-c8ff-44fc-b539-10f863d5efec
Jonathan Pierre,10,0.986,-4.789,94306db4-8243-44b3-9f3e-eb1dd9e258b7
Nate Hinton,10,0.503,-7.438,2827a99a-9a36-4b8d-8ca8-e77e9771b69c
Tyrese Martin,9,3.629,66.239,1d3ff68e-d714-4f70-b952-02cf2252e990
Igor Milicic, Jr.,9,0.571,-8.687,96e51137-1852-4b4b-8809-7d07d81b22a8
E.J. Liddell,9,0.611,-8.766,f76c835b-10f6-42aa-aafe-3c87b5be8866
Cam Carter,9,0.817,0.702,a183c842-9603-4691-9abd-612235152ad2
Anton Watson,9,0.324,0.640,8cb4b74b-84e9-40e3-9a3a-a7dd7be9767b
Zach Freemantle,9,0.342,-1.517,aaa72835-bf87-4903-8432-953c82e91876
Tristan Enaruna,9,0.373,-1.834,998f2322-7dab-4353-99d7-b23e57eeb3ed
Jean-Jacques Boissy,9,4.688,-28.620,3cd15c37-c35d-4061-82f8-728bfefd34c9
Hunter Cattoor,9,0.743,-0.144,3b01bc5d-08ef-4a1a-afff-52c5c9f81849
Keyshawn Bryant,9,0.935,3.063,8bfb0e3f-2c04-4dd5-ab0d-c7bf453b1ed5
Jarron Cumberland,9,0.552,-0.524,46d86ca8-8056-40c4-8024-2ba83293aa17
Lucas Williamson,9,0.411,-0.067,f0ae386a-6794-4f37-b447-84822aa60c4b
Alex Reese,9,0.400,-3.299,1f6ef8b2-5d7a-4ca6-a9f2-cc8c06c032b8
Rahsool Diggins,8,1.865,-11.116,6404e275-f55f-42e5-8d36-cddd1661c335
John Ukomadu,8,0.319,-7.910,b4f22d30-f720-4880-9fc3-a7a1f5679086
Emoni Bates,8,1.406,-23.827,9f1d3f5e-1bf4-4a41-81f4-516081353643
DaRon Holmes II,8,0.506,2.812,33ee598f-dbec-467d-982c-9722af3b3261
Tyler Smith,8,0.445,-7.217,b701694c-6da2-49de-b9a7-ae092466ce67
Dereon Seabron,8,0.523,11.634,9cd83bc4-5c2c-4f4d-ba20-8fc69a4cfa8a
Tyler Kolek,8,2.649,-55.481,40faa5df-7ced-449d-bd12-300a2938370a
Elfrid Payton,8,0.582,-8.795,ff4126dc-89ef-11e6-a96d-a45e60e298d3
Cameron Brown,8,0.921,-14.596,c2df5312-12de-4f83-9d1a-3f3c2ab6148f
RJ Melendez,8,0.391,-0.437,090cc6af-edb2-4cf8-a374-9b90193c330d
Jacksen Moni,8,0.445,-4.376,b16076ab-b7f1-4f61-b1ce-87471a1be027
Mitchell Mascari,8,0.438,2.879,fdc935b9-0c73-4ca7-ba6b-f3b5aa1f2205
Toby Okani,8,0.413,1.220,a6c4645d-9238-44cf-92aa-fd318ebb8ebf
Kasparas Jakucionis,8,1.649,-0.919,f4881a74-343b-4005-b701-3f53c512aba6
Pedro Bradshaw,7,1.217,7.666,881e8c41-f4cb-44fa-9caa-782d1e294daf
Moses Brown,7,0.352,4.089,81ca845d-dae4-46b5-89e6-86d619acb3c8
Adama Bal,7,0.673,-0.562,3559f9a3-9132-409e-a701-a4c5757cb325
Chris Mantis,7,0.412,1.613,d2d320cb-de1d-4f2f-b238-9697f02b41ff
Augustas Marciulionis,7,0.598,5.116,89ff2dfc-818b-4d2a-beba-efe0422f6d4c
Jared McCain,7,4.268,-6.447,eb79ea6c-b337-448d-ac33-7e92219822ef
T.J. Warren,7,1.659,21.622,ff401666-89ef-11e6-b554-a45e60e298d3
Isaiah Hawthorne,7,1.090,-8.390,e186218b-ea58-4542-af85-ac121949c255
Bryce Thompson,7,0.535,-0.892,cc61028a-3c21-4917-a6fe-607bb4085636
Dalton Knecht,7,3.302,69.461,b8da7ce7-11b7-4a94-acd4-f309bf4b6333
Coleman Hawkins,7,0.260,-2.691,769be316-e69b-4438-a859-7fbbad08accf
Mouhamadou Gueye,7,0.246,3.359,cc3ddd0b-2be3-4043-a3e9-7ae15f6e1ab0
Arthur Kaluma,7,0.360,4.338,c7a03fd4-8ba5-4f9e-b62d-db9492da6f1c
Emanuel Miller,7,0.254,2.547,9333d369-df08-4c59-9073-3164d584f481
Gabe McGlothan,7,0.328,4.201,32f54c28-47c6-4d3c-8364-c3956aef7190
JD Davison,7,1.296,-1.125,833b573b-1366-463c-92ea-56e7718c0dc6
Zack Austin,6,0.540,13.441,cdb9a6bd-2259-43bc-9209-03da5b72234b
Myron Gardner,6,1.190,3.094,8de6d5bf-730c-4c48-8f00-7f9da72e979e
Max Klesmit,6,0.694,2.191,ce1fc58a-6a2f-40f5-a83b-c0acdcdf2e01
Christian Shumate,6,0.287,7.403,40ebb929-1947-4008-9cdc-046aa3a4bd87
Reynan dos Santos,6,0.676,0.465,e3cdc093-14ad-4686-ade9-7fc70c5a5a88
Will Riley,6,2.353,-39.016,3fb6c927-c443-46a9-aecb-1105dfb05233
Tre King,6,0.628,0.235,2928912b-dd61-4f60-aa20-a01d295e03d6
Giddy Potts,6,1.010,-5.292,7ac29d25-418d-4bf3-b302-cda0f4aa7cae
Drake Powell,6,2.062,-32.566,ed72fbc9-1066-46d8-872e-9a437c4e536e
Isaac Jones,6,0.251,-0.585,a35d4b94-e6ff-4f4a-8f40-d64d70dd4c3a
Kobe Stewart,6,0.342,0.942,9c8748fc-6d1c-4911-99a0-94e1cf486b48
Dain Dainja,6,0.275,0.597,3d560bd7-c964-492e-97b7-12c4feda4079
Malaki Branham,6,1.961,50.103,13030bd6-e3d6-4e2a-9685-88300bc4ec5f
Yuri Collins,6,0.575,5.334,7a58adf5-73d4-4f5e-b042-6ab0d8862313
Symir Torrence,6,0.617,-0.181,6779419d-662d-4a38-b2ea-cb8e012eed8f
Issac McBride,6,2.899,-43.521,e98d2d7d-61a8-42e6-9c79-f1c3d6667ec9
Rayan Rupert,6,2.804,28.325,f99ade9a-ec49-4d41-b7f8-7e1b16c9ed79
Hason Ward,6,0.303,1.559,99828648-af70-4757-ac4f-8f3e6c8364f5
Efe Abogidi,6,0.244,-6.381,2a962d8e-05d1-4d9c-ae45-e128f2ae9c81
Cameron Matthews,6,0.194,-1.426,2b3321e5-dc2b-4c37-9ee5-36336690c3ec
Felipe Haase,6,0.308,-0.148,a03683d7-864f-4a20-ba32-5a8d3263c1fa
Stephen Mitchell,6,0.597,-3.054,1d1c157c-d6cd-492c-8ac1-aca3b6d6c04f
D'Andre Davis,6,0.580,-1.360,93c1ccb9-a43d-42a7-a037-b8d2057acc02
Jamal Cain,6,1.040,2.547,f42a8b63-1ab4-447f-b74f-be293fc58e99
Cam Reddish,6,2.143,-18.037,5cef3c95-c7c7-4206-b70c-41f647f9498b
Javon Freeman-Liberty,5,1.572,-39.224,a28cdf29-f659-4646-b964-87ec3c295ae4
Paul Zilinskas,5,0.292,-3.689,fb3799f7-55e6-46cd-8dba-16e86ee83d37
Kevon Harris,5,0.947,7.799,8190d885-1fd0-4dad-99d7-2431cc018492
Olivier Sarr,5,0.228,3.766,584a880d-84b9-40fd-876e-852044392606
Charles Bassey,5,0.408,-4.410,089bae1f-5cd7-438c-8ebb-061918727a25
Kyle Rose,5,0.386,-3.667,c7fe17cb-17b0-4fe5-bfde-60cdce624f03
Jayson Kent,5,0.187,-1.459,dc854637-bbf4-4710-94b5-8c953db3ce27
Keshad Johnson,5,0.856,29.552,c5cb7e86-5c88-4bd2-bf14-22a65e7bd094
Steven Richardson,5,0.654,-14.378,1baa93ad-ae20-4faf-b428-11c4aac33778
Walter Clayton Jr.,5,3.731,47.136,ae81ff91-c142-4a68-b826-4ae75af6a94f
Cody Williams,5,1.894,-18.074,8b49e58d-df58-4e21-b984-2bda3ce246e6
Jamal Bieniemy,5,0.818,4.919,5659992f-2487-47ce-83f7-baedce2a090e
Aaron Scott,5,0.336,0.382,800b6f8d-e4b2-40c8-9891-40fa3f84efc3
Alex Morales,5,0.167,-2.303,21a9c7c7-f211-4710-9932-3ecfa2fd4256
Cameron Tyson,5,2.618,15.309,18ede5d3-f2de-4f9f-a9c3-ffe37ac43566
Caleb Stone-Carrawell,5,1.171,8.230,c0ac23b6-44cc-4fe7-8a81-560c7fc1003d
Ricky Council IV,5,1.101,9.516,9027d4b5-4d3d-4ee2-98cd-3d105aa7044b
Nick Jourdain,5,0.245,-5.323,1faa4121-7c60-4b48-91c7-217d64555324
Geronimo Rubio De La Rosa,5,2.165,-5.292,5bc79052-06fe-4165-bc0d-7121fc331302
Johnell Davis,5,0.584,-1.290,7ddd09bd-a98c-468f-ac39-239c33fe8d79
Dalen Terry,4,2.010,22.602,8fc64d15-1d47-47e1-bb04-d03f75dccc5a
Nolan Hickman,4,0.197,1.660,b8b01afe-00df-407e-b0ee-229eacce163c
Garrett Denbow,4,1.010,-14.246,13631116-cd60-4bc0-9a41-6fed5d44b41c
Andrew Carr,4,0.159,0.750,d2f39898-17d1-4d74-bfca-1719672b051a
Jack Gohlke,4,1.246,-23.422,20e6b7dc-2172-4ce5-a2c7-f61c3c89d703
Eli John Ndiaye,4,0.832,-9.246,541d7cbf-04ae-40eb-9401-fc9f1fffdcf2
Tyrese Proctor,4,7.273,191.395,27207fcd-251c-4d7b-8d11-48823d8dab1b
Nathan Mariano,4,1.090,14.995,6e090c81-2a42-43d1-9e4e-bd5a04f09b10
Drew Timme,4,0.295,-3.020,30998b89-18c0-4086-ae61-1830056bb1b7
Tidjane Salaun,4,0.423,-4.832,abc5b21b-f2eb-40cb-a9e6-6eb5abeafe60
Devin Carter,4,1.190,-2.094,8a8e683b-3939-4208-b55c-bc9cefe13a54
Nojel Eastern,4,0.372,-4.322,b2251f82-7770-4e0b-994d-c33ff4a1b39d
Cameron Parker,4,0.255,-4.983,15e3cffa-aed2-4d74-a8e0-ec06dfea63c6
Bez Mbeng,4,0.175,-1.232,117522bd-3f51-4ef9-99ae-8cf060df132b
Ace Baldwin,4,0.917,-1.445,6ab19369-4aa1-4aa6-8274-b595ac8902be
Nate Williams,4,0.163,-0.317,3ab12c09-2aae-4bc0-a45e-0132e6751116
Jamaree Bouyea,4,1.013,-11.564,e35aa016-05af-4a0b-92b3-b0d987d11892
Derek Ogbeide,4,0.260,0.747,4f5b0cc7-0740-4ebb-8b37-c464b1f421f3
Asa Newell,4,0.430,-3.481,eb38ea24-c68c-4f72-9a55-2e397b4f0124
Tolu Smith,3,0.191,-0.540,dea8af5c-b86c-4445-b191-20c7806e6a4e
Jay Scrubb,3,0.682,2.464,8488ec31-e9a6-4535-a007-3b6fb6c5f1bd
Liam Robbins,3,0.249,2.132,831eb28e-7713-4fbe-bf6b-dd0e1e20b1f5
Au'Diese Toney,3,0.163,-1.230,a127ee52-bbec-46b6-990c-93a2c3d57b87
Jase Richardson,3,2.273,33.395,1cc4e557-6ed1-4db5-8816-1c00724e5554
Norchad Omier,3,0.132,-3.426,15c34e0c-e636-4bd1-a7db-6435d201f8c6
Dajuan Harris,3,0.348,-2.129,51b4a0a5-880c-48d7-a342-2b25ec6cc206
Terrence Shannon Jr.,3,3.261,23.279,94d35dd4-a4fe-47ae-a856-cd0d5b1193a9
GG Jackson,3,0.524,0.748,de22ebf7-4f76-48b4-805b-b5f87858922f
Cam Young,3,0.718,-3.381,f61521e8-e7f3-4526-a0fa-efedc3c820ca
Kam Jones,3,0.671,12.827,93ff04cb-5390-4709-a521-c7ce58713f31
Jaylen Martin,3,0.186,1.919,70021baf-68ca-4b04-a865-fe10b1450b62
Trey McGowens,3,0.219,-0.125,a17cb8d2-4fe7-49a1-b4b9-e56f6316d694
Kendall Munson,3,0.183,-1.041,11a2c3b6-617d-4889-ac4c-dc3821c6375a
Ryan Woolridge,3,0.160,-3.504,a4f5f591-7988-4761-b96d-5efb627bd420
Steve Settle III,3,0.153,-2.064,f52af8fd-29ee-4aa7-9c70-e211a5d73a12
Ethan Taylor,3,0.652,-8.092,b4569bbc-b31d-4504-a59a-fe40691d1d00
Dawson Garcia,3,0.573,-0.183,4aa2ea37-df6a-43f3-9838-5bb4d2e13186
Trey Townsend,3,0.322,-0.638,32735ab8-9eea-40c1-93be-395428840de8
Wooga Poplar,3,0.624,4.047,b3aaee9c-4272-479b-9fdc-7b99458903ea
Julian Phillips,3,2.000,-22.691,76ada8a1-6ec8-4915-b57e-fa234b1f2788
Ben Coupet Jr.,3,0.270,-3.988,8c1d8070-eb6a-44ee-bc37-0a07ad5267fb
Isaih Moore,3,0.169,2.007,ea2cbcac-0b28-454f-a3f7-a30bb1d6fbb1
Marques Bolden,3,0.132,-2.452,95b6d616-e911-4060-869d-7f633e7ec049
Noah Penda,3,1.587,13.349,8257785f-b06f-4feb-a7c3-c58c4fbf99d7
John Butler Jr.,2,0.074,-2.020,16110c22-e5e0-4925-94a9-959285132aeb
Alex Fudge,2,0.144,0.983,1f5a0d41-0c51-4353-9d7a-503196852e33
Nique Clifford,2,2.985,-80.044,329049aa-89c8-439b-a0c3-dc93d3609931
Basheer Jihad,2,0.099,-1.532,bd9b1fa0-957f-4365-8af3-a545d525965b
Elijah Pemberton,2,2.247,20.420,0fd95fbb-b175-40e4-a6c7-4864b5678d6f
Kylor Kelley,2,0.121,-3.167,08d8e7a7-6e98-43fb-808a-803728ffe738
Trae Hannibal,2,0.714,-9.507,636fef85-a117-4abd-96b9-a45df0f16b53
Jahlil White,2,0.404,-7.791,e21b31ea-a8e5-41ad-89b1-72a56bdf59e1
Trhae Mitchell,2,0.090,1.404,d98ecec8-9937-426e-ba9a-e019ec88d94f
Robert Woodard II,2,3.175,-36.248,9bedc1b4-449c-42cb-b9a2-9b0cd3596329
James Reese,2,2.020,13.717,26f760b4-f286-403c-ae5b-8c4a2f2810ff
Jackson Rowe,2,0.593,7.909,87777cd1-2099-4edd-8256-f29343fa0fd4
Tommy Bruner,2,0.877,1.731,9819211d-c92e-4802-8be4-018f1efe7932
Marcus Bagley,2,0.458,-0.213,a39bf7f9-11fd-434e-9673-4a184061ad7d
Quenton Jackson,2,2.083,-46.690,2916816a-1e08-43ef-953d-a81bfe3503ee
Elijah Cain,2,1.087,-5.423,2ce0583b-9426-44be-820b-de29934964ee
Dylan Cardwell,2,0.209,-5.057,fb79aa4f-8468-454c-80db-1768d95b4e42
Eric Ayala,2,0.870,-8.297,0ed3aa02-c44c-4b25-a16c-d448d88b92ea
Orlando Robinson,2,0.153,0.335,e58d10b8-dbfa-46bc-9b80-d078501bcce7
Pete Nance,2,0.258,4.848,a9d51846-7123-4773-be70-de509c877a08
Julian Reese,2,0.130,0.039,9f1b6ada-6f2a-4683-9f79-e98b06d24f06
Akoldah Gak,2,0.143,-2.173,e6e552fd-83e6-4bb7-b80a-9b0bae80ad1c
Alex Toohey,2,2.410,-36.097,ac601971-3fa2-4aff-940d-0f5fa3745d0c
Lance Terry,2,0.499,-10.554,2c5a45b8-029d-4556-9186-221becde7ae7
William Baker,2,0.129,-1.967,dc9d21e3-68f0-4270-a358-8e68da5bbafc
Phillip Wheeler,2,0.095,2.147,3d20e735-543b-415b-835b-fa80295fa157
Derrin Boyd,2,0.608,-10.621,6dfc6fb5-d921-403b-b590-c1c4c3e900a9
Justin Minaya,2,0.081,-1.865,8a534421-7dd1-49c4-a304-7b5a2341f904
Blaise Threatt,2,1.681,6.502,7bf581f6-845d-4d34-9460-f09f129eb841
Yang Hansen,2,0.175,0.837,c6156c46-4275-4470-bed6-6c382811ef91
KJ Jones II,2,0.160,-1.955,b34e01c3-fde9-402e-a381-1abc45ea21fb
Tyrese Samuel,2,0.125,-1.966,f4159312-f59d-46f6-a72d-afb990d1e80a
Jordan Bell,2,1.170,38.873,07a35d50-2dd1-4476-a9ac-b6e7154ce069
Noa Essengue,2,0.702,-21.453,fe09888e-ef47-4152-a457-e6f4e04aee54
Trentyn Flowers,2,0.233,-3.601,c917a1b8-8537-4dbe-91bb-c8e376d71ee4
CJ Huntley,2,0.087,0.671,a93dac29-3dee-4328-8787-673c2c4d207c
Seth Maxwell,2,0.340,-0.156,12d95e3f-d714-4300-978c-245c9d0f302c
Jamir Watkins,2,0.362,5.902,84ba6ce6-9c37-4225-8f84-14a5cbacea65
Garrison Brooks,2,0.194,0.700,146c7c56-b7ad-4925-8a9e-93d2c5db55bc
Esteban Ezequiel Roacho Amador,2,0.797,-3.259,2d23e4fc-8b5f-4131-af0f-83b0ae3a2c69
Cameron Martin,2,0.480,1.740,99e062a8-b28c-47b0-9682-92a5d2461cd1
Jermaine Couisnard,2,0.787,-9.762,395250e2-3fc7-41ec-b3e5-be2b920a6458
Adou Thiero,2,0.436,-7.898,9b945fc0-d3bb-405d-bf43-95c6e7d7e87b
Kobe Brown,1,0.781,21.688,751e59b1-45ae-45f0-bc03-01f6c87520a5
Jordan Forbes,1,2.564,-20.332,d03f53e6-1f95-47b7-a843-dab2a10456f0
Jamison Battle,1,1.250,-40.156,74f1f473-4fc6-4175-bf32-f1f99de73ef8
Carter Bryant,1,1.724,60.806,18dc7187-8fc5-47bf-9779-e7a7694c498c
Brian Taylor,1,0.112,2.276,ef62751a-0816-46fa-9160-054ef9ec64e4
Chandler Baker,1,0.625,-4.006,db071247-1883-4852-b647-0b794ee7cdee
Taylor Hendricks,1,0.240,-6.533,91ee33ca-2f8a-421c-8a4d-b0f98d5bc54c
Ray Williams, Jr.,1,0.769,10.422,5b0bdabe-6c41-4fef-bcc7-518987c7451a
Josh Minott,1,0.694,-13.202,3dafdc09-40d9-4934-b9c9-8be3bd3eb90a
Tylor Perry,1,0.658,-7.481,0b9ca9bc-f567-4768-9cc5-5e42d6fc8dce
Grant Nelson,1,0.129,3.177,c4012fed-7c3d-4171-a8c7-3432c061c9d7
Lawson Lovering,1,0.060,1.965,ee296dd9-8d26-420c-9aa1-271f6b6a2222
Feron Hunt,1,0.794,-22.834,5210db69-14a3-4c9b-ad2a-62c349f4ac65
Trevon Duval,1,2.273,-15.362,94ca1f88-1f26-4d28-aeba-c686a5dde5e2
Parker Van Dyke,1,2.941,97.695,b25395ca-26fc-4977-bf67-3b99e73e1048
Cam Christie,1,0.769,-25.322,8a68ba44-d87b-41c9-94f3-c94e88cb37a0
Marcus Sasser,1,2.174,-58.916,5fc1833e-3993-49a8-8970-87ad09b61dff
Javon Small,1,0.714,33.576,6b98a36d-b1bc-4b68-bd5b-0671580d44c4
Kaden Anderson,1,0.178,-1.868,d3403310-4ad2-4ea2-9072-623f9adefc8d
PJ Hall,1,0.055,-0.956,4af59bef-250a-46aa-a5d3-e448a55f61ad
Brandon Slater,1,0.158,-1.634,eb81af0f-e8c9-4a55-a018-bb56cbc130ff
Sy Chatman,1,0.182,-0.821,ea9cdbe0-fa96-437f-99d0-f1c67185f3e7
CJ Fulton,1,0.260,-2.379,e2d1008a-5cc8-4a4d-9f54-0bacfbd083be
Cheikh Mbacke Diong,1,0.877,-2.928,7efefdc5-c8ee-4221-ac12-a35549517aa2
Yanic Konan Niederhauser,1,0.199,7.019,c4c0b9a3-5f7e-4611-977b-e0d73c08a29c
Patrick McCaw,1,0.113,-1.725,ff42a38f-89ef-11e6-bb23-a45e60e298d3
Giorgi Bezhanishvili,1,0.035,1.960,4d0b25c0-eb2c-423a-875e-ba9f74999bdf
Danny Wolf,1,0.197,-8.362,0b1b2334-050a-4f4e-bae7-3865147c950f
Trey Jemison III,1,0.061,-1.333,48e06536-9d6f-4027-9d17-ec477a9ae3a2
Cameron Smith,1,0.885,-4.829,bd762247-fb20-496c-af57-0abcde142d02
Ariel Hukporti,1,0.305,-8.281,91a10e2e-9784-440d-b0a4-83a8db044c1d
Abou Ousmane,1,0.059,-0.110,585d08a6-4aa1-45ad-81f0-76cb2c579ab1
Vladislav Goldin,1,0.070,-0.377,0d1efd50-8b55-402c-af4a-3400a0ecf19e
Devon Higgs,1,0.370,8.101,72b7a0bc-f1b6-4996-89e8-8c6535bd71c0
Zach Hicks,1,0.255,3.522,8e62f792-31da-4509-a4a8-d0bd4144b94a
Rocco Zikarsky,1,0.045,-0.476,7a36a328-5e4b-42b6-a21b-39e9f97e0188
Kenan Blackshear,1,16.667,-52.124,31c6650d-c76d-497a-a605-e6ab1a822212
Viktor Lakhin,1,0.077,-1.834,386162d7-b5e6-4aca-9174-cfba1382d491
Joey Calcaterra,1,1.149,49.706,f07958e4-943d-41bd-add3-e75692af9566
Micah Parrish,1,0.153,-1.321,a233b4d2-746c-48be-9d0d-ce655385c605
Justin Jackson,1,0.138,-2.386,0867f70d-4848-4664-82fb-db397233e78f
Mason Madsen,1,0.649,-8.307,d745163f-0ba1-4894-9467-cb7553e99081
Vance Jackson,1,0.450,-3.386,2a70adf2-b7a5-4028-b567-a3b18585a709
Romeo Weems,1,0.048,-1.025,9920a386-699e-42ad-90ac-8fb89d78d1f9
Jacob Toppin,1,0.402,-7.819,9e0abf37-2963-4f62-b8f7-104fefa58273
Matt Cross,1,0.064,1.539,8b71b1ce-93f8-4cf0-9099-64c91af44202
Quincy Guerrier,1,0.093,-1.423,e7a09800-4dd6-4745-8dc3-2bb848800f9e
Khaman Maluach,1,0.150,-2.678,d4dcccfe-9470-4fef-bac2-e9f6aa1cfd32
Charles Bediako,1,0.193,-1.457,40e03646-000c-4ccf-a366-50f9477583e5
Colin Castleton,1,0.088,3.134,cb160212-66c3-46cf-8728-c0d6612456f8
Rasheer Fleming,1,0.160,-5.290,4639f41a-c88b-4cf0-91c2-c36d9d4c1e5c