Shooter,Shots Attempted,qSI,SSI Player ID
Jalen Bridges,301,4.59,1c7e1fdd-3a9d-4509-b079-a329c993e9d4
Stanley Umude,296,-0.25,73712bb9-3143-4176-8eb3-cef6d45e9f92
Malik Williams,275,0.19,91d9d39e-7ed1-4320-80fc-4d487e79b1fa
Dane Goodwin,274,9.01,83cf7787-d441-4c3a-b5de-a2b2a623350b
Alex Reese,272,-2.66,1f6ef8b2-5d7a-4ca6-a9f2-cc8c06c032b8
Dexter Dennis,256,2.45,b9d78738-9b74-4fdb-9c3f-bce9cb72377a
Malcolm Hill,252,6.84,99f046d4-e2fe-495e-92e9-472b6f6a9c22
Blake Hinson,251,9.95,64b12646-2555-4dd0-98eb-cb169b3ee58a
Caleb Houstan,247,8.51,0ac0ed6b-ebe7-4dcb-b924-c14e31262efc
Jack Clark,247,-8.21,baad4031-1f9b-4e88-9ac6-9c40ed79d7f3
Lester Quinones,242,10.17,e4c6a53d-37a8-4278-9230-5a9d9ccc6d02
A.J. Lawson,237,1.90,ed39e2d6-ce65-43e5-9ea9-d579d0526a1f
Tyson Etienne,235,7.00,316deed2-3f6a-4c1c-9508-2dd0c937cd4c
Jalen Crutcher,234,8.45,938ea26e-95ff-4f3b-a385-a965af8195b4
Skal Labissiere,233,11.65,0943dbc8-178e-4cab-97d6-3f31747698ab
Trevor Keels,224,9.76,58189b84-2563-4034-984b-e61021022c4c
Felipe Haase,222,4.46,a03683d7-864f-4a20-ba32-5a8d3263c1fa
Gabe Madsen,221,2.42,7e84815b-7663-437b-8751-28d60ef2c65b
James Bouknight,219,15.68,a4bca3d5-c8c6-408f-a4bf-22453062b4b9
Jaden Shackelford,218,10.89,dfffb2fc-160c-41a4-9a75-af0a21d2ba76
Tristen Newton,218,9.36,ea2c60f4-30d3-4154-b99e-b907b24658bf
Kevin Knox II,218,6.63,868bf1ee-0aa9-4762-a685-b32801d25e6a
Jaxson Robinson,217,-0.78,e7e970a3-7025-4ccc-b0f7-271f94238ee5
Jahmyl Telfort,216,-3.68,f7cdd34f-d626-4902-b05a-e39f9ae32dd4
Jaylen Sims,210,1.10,4e475993-d453-43ef-a5dc-52e715e3e5db
Curtis Jones,209,7.17,69489a71-b1eb-4fde-b687-6385e03c1e49
John Poulakidas,209,17.84,12bf97f3-6476-4443-af11-5228771faf66
Johnny O'Neil,209,7.39,266b9ca1-6596-4d2a-947a-0f602c0af725
Hunter Dickinson,208,6.18,00c80505-49a6-4ed4-ae3d-decf5a59b3a2
Jayson Kent,206,7.53,dc854637-bbf4-4710-94b5-8c953db3ce27
Tyler Burton,205,3.63,382afece-e02d-4ce2-92ac-92b1d2333d2c
Sean McDermott,205,3.65,b5d46463-618d-4328-a3ac-31239ed7af7e
Dink Pate,204,4.14,dc8f2d40-88ec-44ef-b6ef-09404a5d49cd
Matthew Murrell,200,-4.60,42aff9d8-9839-4949-ac9d-97663c8eae23
Mitchell Mascari,200,15.04,fdc935b9-0c73-4ca7-ba6b-f3b5aa1f2205
Max Abmas,200,10.19,23961594-cb8d-4560-b709-2ace5a6b16a4
Miles Kelly,198,3.12,8e41f240-6f89-4f54-bcc5-534112efd3c2
Caleb Grill,198,4.36,bbae8544-616e-4d08-9a98-a20e5d47e694
Trevon Scott,198,-3.29,fc067294-4b2b-42aa-bea6-88cda36ce6d2
Sheldon Edwards,193,-1.56,8d385c74-6c2b-4704-ad41-8e5519b11012
Marques Bolden,193,7.85,95b6d616-e911-4060-869d-7f633e7ec049
John Ukomadu,192,6.41,b4f22d30-f720-4880-9fc3-a7a1f5679086
Boo Buie III,192,5.78,2327ad6b-a87c-4b5c-8dbb-c64690426e98
Nate Santos,192,3.12,5d98e4d9-9d4c-416e-896e-662ef6de036b
Jules Bernard,190,0.07,7c2fd9b6-9749-4ca1-8d58-b773ff9223dd
John Butler Jr.,189,-0.22,16110c22-e5e0-4925-94a9-959285132aeb
Lucas Williamson,189,-3.35,f0ae386a-6794-4f37-b447-84822aa60c4b
Jacksen Moni,186,-3.74,b16076ab-b7f1-4f61-b1ce-87471a1be027
Brice Williams,184,12.17,bc4eee96-6dec-4e4c-ac60-d467785926cb
Nate Williams,184,-0.91,3ab12c09-2aae-4bc0-a45e-0132e6751116
Efe Abogidi,184,-0.73,2a962d8e-05d1-4d9c-ae45-e128f2ae9c81
Josh Christopher,183,1.72,207daaca-464a-4e71-8c77-cae31615c0e3
D'Moi Hodge,179,-3.99,4fca8d39-a522-46f0-b222-226b8180e35a
Charlie Brown Jr.,179,3.71,dfa6209b-514d-438b-9c4c-bd6f1ff85613
Zach Freemantle,177,-11.04,aaa72835-bf87-4903-8432-953c82e91876
Keion Brooks Jr.,175,-3.40,088649fd-bea2-4353-a931-850c918b0337
John Tonje,174,5.97,5bfe6dcb-3da9-45f9-95c0-ed690168c7ba
Daeqwon Plowden,174,12.54,daca4b6a-526f-49e8-a02e-ba59acb77846
Anton Watson,173,-2.12,8cb4b74b-84e9-40e3-9a3a-a7dd7be9767b
Tristan Enaruna,173,6.87,998f2322-7dab-4353-99d7-b23e57eeb3ed
Andrew Carr,172,-1.95,d2f39898-17d1-4d74-bfca-1719672b051a
DaQuan Jeffries,172,14.63,b969f906-aab2-4845-b038-70ec8482bed4
Kyle Mangas,172,7.99,509e10a3-69e7-41cc-a0b5-44de8eb4659f
Taylor Funk,171,2.94,951413b1-0a17-4edf-841a-5ca7b9a2c275
Koby Brea,164,2.48,e2c4bc9d-2cb8-49d6-962a-07bed124b6c8
Sean McNeil,163,10.45,4f71e857-f644-4dfc-9ae8-65416c90df71
Stephen Thompson,163,5.17,41e105ed-f146-4aef-a65b-262abde1841e
Riley Minix,162,15.10,d4332b50-b7fb-4429-9525-e10587f584d9
Tyreke Key,162,6.78,a9ab59d3-2f04-49b0-b4fd-a265d98af568
Justin Minaya,161,-11.81,8a534421-7dd1-49c4-a304-7b5a2341f904
Eric Dixon,161,-2.09,11ec3e54-7b96-4e1f-856e-8933eb8de9c3
Antonio Reeves,159,2.45,19004e0e-7982-4513-bdba-24e11e49d49d
Jon Elmore,158,8.27,65bebd10-aa65-48ec-845f-2efcb122287a
Cormac Ryan,157,11.81,f3f41cea-955b-4ff5-b6fc-69991789d721
Nolan Hickman,157,-1.17,b8b01afe-00df-407e-b0ee-229eacce163c
Dariq Whitehead,156,-9.64,9f8b2ee3-8cc5-4a92-aeb9-c8c52d6e37a2
Olivier Sarr,156,8.22,584a880d-84b9-40fd-876e-852044392606
Terrence Hargrove Jr.,155,-5.25,06c40ea5-9150-470e-8f6a-7cde4a102ef6
Paul Zilinskas,153,5.42,fb3799f7-55e6-46cd-8dba-16e86ee83d37
Alijah Martin,153,9.58,c1035422-a088-42e6-8ad3-db400bb52aa1
Javonte Smart,152,-1.15,a340ee6f-51b2-400d-8c06-295617b4c779
Alondes Williams,151,12.07,e555cb48-990b-4ef7-8464-59adc6adf34d
Wade Taylor IV,150,5.55,d809ed56-e0c4-48ab-9cb2-e6e94a8c0842
Romeo Weems,150,-8.90,9920a386-699e-42ad-90ac-8fb89d78d1f9
Damari Monsanto,149,11.90,63a42b38-d8f6-4214-aa03-cb4263b02a9a
Chris Mantis,147,13.44,d2d320cb-de1d-4f2f-b238-9697f02b41ff
Alex Morales,144,7.13,21a9c7c7-f211-4710-9932-3ecfa2fd4256
Sean Pedulla,144,7.07,6068f2de-9744-432d-b3f4-f73da0894927
Jaylin Williams,142,4.23,db384374-d594-45b6-a3de-9aa8a66dc226
Chris Youngblood,142,-9.63,35206de4-a3c1-415a-b596-126c0ab7b44a
Tyler Smith,142,5.92,b701694c-6da2-49de-b9a7-ae092466ce67
Trhae Mitchell,140,-7.83,d98ecec8-9937-426e-ba9a-e019ec88d94f
Steve Settle III,140,-3.64,f52af8fd-29ee-4aa7-9c70-e211a5d73a12
Luke Goode,138,4.20,4144db18-4210-42b8-af58-fd1dd83e87c6
Bryson Warren,138,3.99,de89d563-ec4f-4356-8cba-afd95b5a975a
Marcus Burk,138,5.83,017ced69-5d96-4160-b064-3a051a5c9efe
Dillon Jones,138,-0.94,7c13f8c0-55bf-46b9-a41e-cbaeea35c13b
Payton Sandfort,137,0.18,54f7a3fd-6e94-4630-9ca3-e05af980008d
Justin Harmon,136,6.24,4c8abee4-0270-4d98-b4ab-cff9969857fc
Miller Kopp,136,3.69,817c559a-6812-42ce-8373-1e8132f3b917
Javan Johnson,135,3.39,5bf3dc6a-f0bf-4146-9233-0714a95538e5
Kendall Brown,134,-6.07,84863ea4-7e22-4827-9c1e-091a16291b37
Nate Hinton,134,-4.38,2827a99a-9a36-4b8d-8ca8-e77e9771b69c
Isaiah Roby,132,3.08,19602b62-cfbe-4d35-81f5-bc244327960e
Mac McClung,132,3.90,d9671fc0-754d-4cd1-b61d-2f6526c31497
Cameron Matthews,131,-11.84,2b3321e5-dc2b-4c37-9ee5-36336690c3ec
Phillip Wheeler,130,0.55,3d20e735-543b-415b-835b-fa80295fa157
RJ Melendez,130,-2.77,090cc6af-edb2-4cf8-a374-9b90193c330d
Jalen Slawson,129,-5.79,ee32b868-f2aa-47fd-bc12-e2df467173a0
Enrique Freeman,129,-5.18,f838df3f-72c5-4cf1-a555-7182e3dccd13
Jaden Akins,129,-2.20,e6acbf72-2032-4b3f-9672-62f8052c1873
Teddy Allen,129,11.90,03318058-7f1e-4d54-a8b4-cbaf7e836a78
Emanuel Miller,129,-8.54,9333d369-df08-4c59-9073-3164d584f481
MJ Walker,128,-3.53,2733a0f6-5816-47e9-9972-a4f253f15038
RayJ Dennis,128,4.70,5c2a5944-cadb-4619-8b0d-04338c63a470
Gabe McGlothan,128,5.90,32f54c28-47c6-4d3c-8364-c3956aef7190
Max Shulga,125,9.46,be819393-353e-4c46-b682-d2ee0d11e736
DaRon Holmes II,125,-2.51,33ee598f-dbec-467d-982c-9722af3b3261
Buddy Boeheim,125,10.51,b19737e4-2806-4548-b14b-2062175fb05e
Hayden Gray,125,0.83,e901ec95-f7cf-40c9-af32-8dabb981b3cd
Donovan Williams,124,-0.17,12136b74-23d8-49b4-b4de-98a320969c76
Aaron Scott,124,2.37,800b6f8d-e4b2-40c8-9891-40fa3f84efc3
Taelon Peter,123,-1.77,c870f7e6-686b-40b6-859c-ced3b397cbd8
Kessler Edwards,123,6.84,0dbaa8bb-491d-40b7-ad09-f4605dda699c
Toby Okani,122,-9.91,a6c4645d-9238-44cf-92aa-fd318ebb8ebf
David Roddy,121,7.85,ab0a4d97-fd7b-40d9-a72f-b2a862039584
Kobe Johnson,120,-7.87,9f123592-d747-4a41-b903-ad6bcb6ac751
Arthur Kaluma,119,9.99,c7a03fd4-8ba5-4f9e-b62d-db9492da6f1c
Patrick Baldwin Jr.,118,-2.47,45b328c0-b3b8-4a36-a0c1-28e39227ca85
Taevion Kinsey,117,2.22,b17e9b18-8167-47ec-b96c-1a1c88208376
RJ Felton,117,-2.73,a593fa2b-cb79-4f8a-8139-bba7a2133f2c
Hunter Cattoor,116,10.67,3b01bc5d-08ef-4a1a-afff-52c5c9f81849
Chaz Lanier,114,7.90,3ff2c55c-8857-4cde-85eb-a42b87da7dcd
Leaky Black,114,4.52,baf1b89d-5bf9-44d8-ae08-43b643b89914
Chance McMillian,113,1.51,d40fdb50-4ea9-488f-85e3-aa57164f9d0a
Alize Johnson,113,4.61,c97ec77d-b190-477c-8f04-2d8be4554830
Ron Harper Jr.,111,11.75,0fc9db0f-ca5e-49e9-a003-973fa4fd8839
Rocco Zikarsky,110,-1.97,7a36a328-5e4b-42b6-a21b-39e9f97e0188
Pacome Dadiet,110,-1.05,810fd8fe-5999-4962-9441-004f4a25fea2
Mark Sears,110,6.64,6af77143-6aac-4199-ac80-bfa704e2ca51
Paul Watson,110,1.76,1aae577a-f08a-437b-81ed-160d66e586b9
Ethan Thompson,110,19.97,e303b1cc-a268-4f85-8063-e447c757ede6
Harrison Ingram,109,0.76,289b86f4-5aea-4603-a5e7-54793e5eb584
Tyson Degenhart,109,2.90,7ce310e3-5034-435f-85fd-9db70356ed75
Daishen Nix,109,-11.15,06212573-e2e8-4bfa-98cd-4484063dead1
Au'Diese Toney,109,15.05,a127ee52-bbec-46b6-990c-93a2c3d57b87
Kyle Guy,108,4.17,9eed3d99-6049-4cd0-96bb-4fabb8ad8ddd
Trey Alexander,108,0.30,eae5a4b1-2701-4843-b7ed-ac8677e6446b
Jabri Abdur-Rahim,107,2.59,5ba18e46-b710-44bf-8369-1185adf0ce77
Jonathan Pierre,106,-6.68,94306db4-8243-44b3-9f3e-eb1dd9e258b7
Johni Broome,106,-4.30,12c34cc3-1005-4454-bcfa-a5332744fd4c
Tosan Evbuomwan,106,-1.15,3836af33-7171-4f6b-b4e3-7dc129d8efa6
LJ Figueroa,103,12.63,629382e8-fcc6-4974-b0a3-99fd67940f2d
Igor Milicic, Jr.,103,-8.29,96e51137-1852-4b4b-8809-7d07d81b22a8
Kobe Stewart,103,-4.49,9c8748fc-6d1c-4911-99a0-94e1cf486b48
Jeremiah Robinson-Earl,102,-6.62,1a9ac6bd-8b02-4fe8-8096-c435a2a90100
Alex Antetokounmpo,102,-8.73,34a56ad4-cc65-4406-9566-ff884e10c7af
Cameron McGriff,101,7.58,55ec130c-b918-4d9b-9fe5-9b79a5f370f2
Kira Lewis Jr.,101,-8.63,ce287780-67de-44fa-86c2-d87dec5a1e28
Desmond Cambridge,100,-8.69,5f4ae0bb-b9a5-4c83-8441-1e627500c265
Javonte Cooke,100,1.84,0c8af3e4-85bf-4c62-921b-d5cc21594198
Terrell Brown Jr.,99,4.14,0784aa6d-2f58-4e8f-8fd0-d3cb2fd08ff8
Isaiah Crawford,99,9.27,cc5a020f-5862-494b-a997-26288b4f4f12
Damion Baugh,99,-9.24,bcde43ef-a7dd-4d4d-9d7e-a0585052e0b9
Donte Ingram,99,-7.46,1034b6f9-7fc5-4f5f-94fa-2ab920658dd3
Bobi Klintman,99,10.47,61c18542-cf37-49c7-b486-337bb809d326
Nick Jourdain,99,-10.90,1faa4121-7c60-4b48-91c7-217d64555324
MarJon Beauchamp,99,-7.01,a17b838f-efcd-4d85-adab-39e05d579e13
Zeke Mayo,99,4.07,2aa9c687-ca9d-4478-a2c7-8f2797b308b2
Kameron Warrens,99,2.13,14a1175f-1e82-4a12-9edf-f9445dc58270
Giorgi Bezhanishvili,98,6.65,4d0b25c0-eb2c-423a-875e-ba9f74999bdf
Kennedy Chandler,96,-14.42,90cef14e-ebcc-4a00-94e1-b06d8ca04701
Tre King,96,2.23,2928912b-dd61-4f60-aa20-a01d295e03d6
Saint Thomas,96,-6.07,9ac60fc8-a677-4c67-8b1a-92c61ac71eec
Zhaire Smith,95,14.26,bf29165e-4d8e-4760-a070-5502dd6c2176
Wendell Moore Jr.,94,3.52,96f746dd-7dfb-4ea4-a98c-39ed5d2a0fd5
Tevian Jones,93,6.19,1d44afa0-7106-441c-b8ed-cc5e216e866b
Drew Peterson,93,0.21,b385f90c-bbc7-4346-8507-4d626e2c0c61
Trey Galloway,93,-12.69,8303a10f-1748-43ee-9c4c-59abdffdaf87
Matthew Cleveland,93,-1.18,45913c55-0376-4b4f-9935-00471ffb3033
Adama Bal,92,-5.54,3559f9a3-9132-409e-a701-a4c5757cb325
E.J. Liddell,91,3.55,f76c835b-10f6-42aa-aafe-3c87b5be8866
Jahmir Young,91,4.71,dc80c41d-ab1d-4aa4-be9f-8830d7e0dd62
Chase Hunter,91,-10.11,50fd1b80-b17c-4168-9cd8-b67adeef9040
Javante McCoy,91,-7.43,fac10e71-d936-4a9b-b017-2e3b743f9833
DaJuan Gordon,91,10.56,b7cd24eb-bd7e-4dcc-99a2-7236606d1541
Dalano Banton,91,-1.40,ccd8ec3b-3e5b-4f39-9b41-91882f179a73
DJ Rodman,90,17.01,18ec54f9-3c06-457d-a0c8-04f2aa513754
Jaden Springer,90,-6.18,8a1c8d1a-13c8-487e-b85e-6b10ecc1d39f
Erik Reynolds II,89,-6.97,f3572151-dba9-4dc4-a48a-792e17a3180b
Jayden Nunn,88,2.19,174b4cc1-dd31-428b-97ad-093422ffe324
Jarkel Joiner,88,2.55,994212e5-17be-4696-bd46-0efcd68787bc
CJ Huntley,88,-3.06,a93dac29-3dee-4328-8787-673c2c4d207c
Chris Livingston,87,-13.69,f79d533e-f423-4752-a088-6d507d795bdb
Tyler Polley,85,-6.24,e48e99e8-0b78-493c-9d6f-15b65e7869c6
R.J. Davis,85,18.04,af3e4f66-d651-4875-9291-4ee32c6a65dd
AJ Hoggard,85,10.56,91fbbfa3-eabc-4c5d-b0d0-b2fc674c84bb
Evan Gilyard,84,1.32,0f656aa8-c62c-4fad-ad9f-3442cdc15e50
Darius Brown,84,7.16,b7ae8764-a482-4551-82ac-7a91c8292e4b
Malevy Leons,83,-0.24,a6b91d1a-7a93-4bda-8562-d762d1f5ad47
Zack Austin,82,11.13,cdb9a6bd-2259-43bc-9209-03da5b72234b
Jaelen House,82,-0.80,e14de0fe-50fa-4322-a5a2-55cb2137e6f2
Killian Hayes,82,-1.91,9a826fec-5df7-4a14-8637-3364dc9433c2
PJ Hall,82,2.16,4af59bef-250a-46aa-a5d3-e448a55f61ad
Johnny Davis,81,4.54,bd507dbb-cb87-4e45-ad2e-1990df07ac20
Mouhamadou Gueye,81,-8.80,cc3ddd0b-2be3-4043-a3e9-7ae15f6e1ab0
Ruben Nembhard Jr.,80,-20.64,27574eb5-d76b-4147-882e-38f3edc014b3
Chris Manon,80,-12.77,5dde0a80-753d-41a6-9ffa-6193317a3a17
JaQuori McLaughlin,79,-2.22,a05930e9-6846-4c42-b5d6-f859b92d97fd
Ahmad Caver,79,1.61,b37bbd3b-102d-42c2-9bfe-7874d64e9068
Christian Shumate,78,5.30,40ebb929-1947-4008-9cdc-046aa3a4bd87
Malachi Smith,78,14.25,cf11631f-67ad-4f08-9466-e66859baa68e
Matt Cross,78,8.24,8b71b1ce-93f8-4cf0-9099-64c91af44202
Victor Oladipo,77,-1.94,ff415fa8-89ef-11e6-bc85-a45e60e298d3
Reece Beekman,77,-15.53,a419b920-f119-41d8-af53-47d3b49ea811
Hunter Sallis,77,-10.70,6d6c60fb-827b-4b00-9033-8fb8a4fb0f32
Viktor Lakhin,77,-5.43,386162d7-b5e6-4aca-9174-cfba1382d491
Jarron Cumberland,77,-4.60,46d86ca8-8056-40c4-8024-2ba83293aa17
Isaac Jones,76,-8.53,a35d4b94-e6ff-4f4a-8f40-d64d70dd4c3a
Stefan Todorovic,75,-11.14,a0dbe31a-75c6-4777-a920-d506c5633bdf
Liam Robbins,74,-5.53,831eb28e-7713-4fbe-bf6b-dd0e1e20b1f5
D.J. Carton,74,-14.68,b902fc9f-4b1a-417f-8af7-bfa5c66c95a3
Mo Bamba,74,9.58,ee761e41-d0d2-4a56-84cf-353e2ae5a961
Kobe Bufkin,74,20.78,9e453254-b85d-43ba-a615-8bf683d94834
Coleman Hawkins,73,-8.13,769be316-e69b-4438-a859-7fbbad08accf
Isaiah Stevens,73,-3.64,27b14c86-8f8d-4cd8-a8ec-bb051cd871bc
Quincy Olivari,72,7.79,cbbbce73-763b-4e1d-820b-1b8f62857eaa
LJ Cryer,72,17.98,51c89cc1-c192-4e07-878a-436ad5c2c70a
Liam McNeeley,72,-3.22,ba22d012-f7ce-4a1a-873e-d6c3ccf7ae5a
TyTy Washington Jr.,70,6.71,0b1c2f8c-380e-4f07-85b0-3b5ff4650d00
Hank Morgan,69,13.81,29d938d7-ce0a-4aba-9b2e-b17b2e8d8ee5
D'Andre Davis,69,-29.08,93c1ccb9-a43d-42a7-a037-b8d2057acc02
Johnell Davis,69,-3.22,7ddd09bd-a98c-468f-ac39-239c33fe8d79
Cameron Hildreth,67,1.92,2c4cbc5a-83fe-4562-afdd-859499b77aa5
Chaney Johnson,67,-1.10,4007e9ee-5f46-4b39-9d77-0001aa54f1f4
Caleb McConnell,66,-14.06,9ea29be6-8741-4b28-9a3f-b73d1919c900
DeAndre Williams,66,-0.67,d240c74d-0376-4b1e-998d-190b778ced1b
Cameron Brown,65,-13.19,c2df5312-12de-4f83-9d1a-3f3c2ab6148f
Keyontae Johnson,65,2.33,d5348336-15a5-416f-8312-bd7030a6277b
Luke Travers,64,-7.50,ef24e628-6674-47d2-8fea-a8ceb61e0fb6
Dakota Mathias,64,14.19,9f1f34c6-66d2-4093-9328-d2fffffb97d5
Mark Armstrong,64,9.48,3bc6f704-0fda-4f85-a681-a41d1178948b
Asa Newell,64,9.94,eb38ea24-c68c-4f72-9a55-2e397b4f0124
Kyle Rose,63,6.92,c7fe17cb-17b0-4fe5-bfde-60cdce624f03
Jameer Nelson Jr.,62,-0.25,55218f5a-96d0-455d-953e-1af096389bc1
Micah Potter,61,2.54,1e89c60d-b20e-4499-aba4-b13dba295a52
Bez Mbeng,61,-15.33,117522bd-3f51-4ef9-99ae-8cf060df132b
Basheer Jihad,60,-16.61,bd9b1fa0-957f-4365-8af3-a545d525965b
Max Klesmit,60,10.46,ce1fc58a-6a2f-40f5-a83b-c0acdcdf2e01
Kevin McCullar Jr.,60,-7.58,1ebb0958-b242-4b10-a0cb-cc3182f35814
Matt Allocco,60,1.20,1542fce4-02f8-434c-8e0b-c655313fea33
Ben Saraf,60,-4.37,f92bdf23-732f-412f-9b84-9c088cd9474b
Alex Schumacher,59,-16.26,74b58589-0ca1-4a71-ac83-93c57a2e8b83
Emoni Bates,59,4.81,9f1d3f5e-1bf4-4a41-81f4-516081353643
Franco Miller, Jr.,58,-7.51,d681a7cd-c0ad-4497-975c-f750b762a74e
Josh Oduro,57,-10.23,8356850f-e674-4868-8a3b-7cf5b6193dce
Nojel Eastern,57,-5.09,b2251f82-7770-4e0b-994d-c33ff4a1b39d
Drew Timme,56,-16.74,30998b89-18c0-4086-ae61-1830056bb1b7
Marcus Garrett,56,-9.11,723b0c0c-ac5b-4b0c-b84c-01da7be6c705
Dwight Murray, Jr.,56,-9.82,7880b823-77c5-4925-a287-1af2424a923b
Jordan Hall,56,4.25,4b98be48-a61f-4372-8f5d-25f914555a83
Dennis Smith Jr.,56,-13.43,4a0f330a-e571-48c4-a685-f82c9436c964
Kadary Richmond,56,-2.72,5f0c2302-aaca-4ac1-b70f-f25abbe14186
Elijah Harkless,55,1.75,629588b6-9560-45b9-ae52-ff90c299fc4d
Cam Carter,55,4.40,a183c842-9603-4691-9abd-612235152ad2
Nolan Traore,55,11.54,4b2dd1ee-169e-4af4-9877-1e600ccc1ac5
KJ Jones II,55,-7.61,b34e01c3-fde9-402e-a381-1abc45ea21fb
Sean East II,55,-0.35,673bd14c-085f-4173-9211-d62ae307b0e3
Tidjane Salaun,54,-4.52,abc5b21b-f2eb-40cb-a9e6-6eb5abeafe60
Stephen Mitchell,53,-0.91,1d1c157c-d6cd-492c-8ac1-aca3b6d6c04f
Rasheer Fleming,53,4.01,4639f41a-c88b-4cf0-91c2-c36d9d4c1e5c
Justin Jackson,53,-11.05,0867f70d-4848-4664-82fb-db397233e78f
Jaylen Martin,52,-13.83,70021baf-68ca-4b04-a865-fe10b1450b62
Brandon Slater,52,0.37,eb81af0f-e8c9-4a55-a018-bb56cbc130ff
John Knight III,51,4.67,534e334e-2adb-4b8c-9614-8552f0dc5f6d
Pete Nance,51,20.50,a9d51846-7123-4773-be70-de509c877a08
Bryce Thompson,51,4.41,cc61028a-3c21-4917-a6fe-607bb4085636
Ben Coupet Jr.,51,-9.10,8c1d8070-eb6a-44ee-bc37-0a07ad5267fb
M.J. Iraldi,50,-23.75,bc70e8c9-c8ff-44fc-b539-10f863d5efec
Norchad Omier,49,-4.47,15c34e0c-e636-4bd1-a7db-6435d201f8c6
Steven Ashworth,49,11.52,63e0883f-eae7-4a6c-ad8f-c7670247241e
James Akinjo,48,-4.68,889010b1-1e41-4488-97c5-030be0d70083
Zyon Pullin,48,12.06,21f03dac-c84d-48c5-80ce-a54781f63914
Orlando Robinson,48,-10.73,e58d10b8-dbfa-46bc-9b80-d078501bcce7
Isaiah Hawthorne,48,7.22,e186218b-ea58-4542-af85-ac121949c255
Chucky Hepburn,48,5.70,4ac4a0ab-ea85-4870-8bd5-9670073a3df4
Justyn Hamilton,47,-7.71,7be325aa-4951-4bc9-948d-d4177d4cbb1c
Nick Smith Jr.,47,25.15,b2d1fbf7-72be-4469-b0c2-db6677a145bd
Garrett Denbow,45,-5.01,13631116-cd60-4bc0-9a41-6fed5d44b41c
KJ Simpson,45,-5.72,1287087b-e6ba-41f9-b2b5-a3d2d1c8d682
Keshad Johnson,45,19.59,c5cb7e86-5c88-4bd2-bf14-22a65e7bd094
Antoine Davis,45,8.30,cc05d44b-5260-48a3-b9b6-61ce282a67c0
Reynan dos Santos,44,0.99,e3cdc093-14ad-4686-ade9-7fc70c5a5a88
Keyshawn Bryant,44,-14.58,8bfb0e3f-2c04-4dd5-ab0d-c7bf453b1ed5
Quincy Guerrier,44,-8.38,e7a09800-4dd6-4745-8dc3-2bb848800f9e
Charles Bassey,43,5.07,089bae1f-5cd7-438c-8ebb-061918727a25
Keon Johnson,43,0.56,7cfacef2-8c7b-41e7-9df3-4a570a6de468
Craig Randall II,43,-14.92,57c94d1b-101e-4b0a-afc5-d9716233e92d
Keshon Gilbert,41,-21.74,10762d58-0a4c-416e-8e01-0af744c29286
Riley Grigsby,41,-6.41,5b7fafbf-2163-4b93-a29d-fc83e9946914
Lachlan Olbrich,41,-8.64,684950fe-3bcb-47f2-8bfa-a9941e216b28
Michael O'Connell,41,-15.88,e4133038-cf2f-4227-a6d5-566eb968a245
Garrison Brooks,41,3.73,146c7c56-b7ad-4925-8a9e-93d2c5db55bc
Augustas Marciulionis,40,2.76,89ff2dfc-818b-4d2a-beba-efe0422f6d4c
Dereon Seabron,40,-15.00,9cd83bc4-5c2c-4f4d-ba20-8fc69a4cfa8a
AJ Johnson,39,-7.74,2b0ac9c2-0fa5-4ee6-9881-03b737e11dc3
Adam Flagler,39,-11.88,60b1ff6f-7e65-4d93-8b0b-fe76747cb0db
Jamir Watkins,39,-18.24,84ba6ce6-9c37-4225-8f84-14a5cbacea65
Tyrese Hunter,38,-3.99,4f89702e-6e19-48ef-9be1-8da8a0837a2f
Patrick McCaw,38,-24.07,ff42a38f-89ef-11e6-bb23-a45e60e298d3
Trey Townsend,38,-3.63,32735ab8-9eea-40c1-93be-395428840de8
Jamal Cain,37,-6.01,f42a8b63-1ab4-447f-b74f-be293fc58e99
Dajuan Harris,36,-17.88,51b4a0a5-880c-48d7-a342-2b25ec6cc206
William Baker,36,5.12,dc9d21e3-68f0-4270-a358-8e68da5bbafc
Jaykwon Walton,36,-19.30,59731b4a-481f-4699-a3fe-f39676cc079b
Yuri Collins,35,-9.00,7a58adf5-73d4-4f5e-b042-6ab0d8862313
Yang Hansen,35,3.25,c6156c46-4275-4470-bed6-6c382811ef91
Micah Parrish,35,-10.72,a233b4d2-746c-48be-9d0d-ce655385c605
Jack Gohlke,34,-16.40,20e6b7dc-2172-4ce5-a2c7-f61c3c89d703
Zach Hicks,34,0.61,8e62f792-31da-4509-a4a8-d0bd4144b94a
Ricky Council IV,34,12.60,9027d4b5-4d3d-4ee2-98cd-3d105aa7044b
Danny Wolf,34,0.15,0b1b2334-050a-4f4e-bae7-3865147c950f
Isaih Moore,34,-16.67,ea2cbcac-0b28-454f-a3f7-a30bb1d6fbb1
Steven Richardson,33,-14.18,1baa93ad-ae20-4faf-b428-11c4aac33778
Trentyn Flowers,33,26.58,c917a1b8-8537-4dbe-91bb-c8e376d71ee4
DeJon Jarreau,33,5.17,3cd02b89-3d2f-46ff-b392-29215f6825b4
Caleb Stone-Carrawell,33,-18.20,c0ac23b6-44cc-4fe7-8a81-560c7fc1003d
Eli John Ndiaye,32,-15.59,541d7cbf-04ae-40eb-9401-fc9f1fffdcf2
Tamar Bates,32,27.12,4e132a3e-20b7-4058-9b69-c71ed0bfd654
Ethan Taylor,32,-13.20,b4569bbc-b31d-4504-a59a-fe40691d1d00
Manny Obaseki,32,5.15,e4cdd91f-718d-4c35-95d1-b3aa28ef79b5
Kevon Harris,31,-6.08,8190d885-1fd0-4dad-99d7-2431cc018492
Justin Edwards,31,-5.87,c2b8cc6a-c87c-4dc5-bfea-c4630c2b6f3e
Nikola Djurisic,31,-18.83,0e381936-04ed-49fd-87b0-400686b3e145
Alex Fudge,30,-26.34,1f5a0d41-0c51-4353-9d7a-503196852e33
T.J. Warren,30,9.60,ff401666-89ef-11e6-b554-a45e60e298d3
David Jones Garcia,30,-9.78,8207e744-783c-4fac-8d78-52acb829f00c
Deivon Smith,30,10.71,9ffb6f28-8fa0-4650-bd30-47f8aa7235a2
Vladislav Goldin,30,3.91,0d1efd50-8b55-402c-af4a-3400a0ecf19e
Zhuric Phelps,30,-14.26,cbddda95-fa69-4ae6-b6b0-247f5c669b7f
Brooks Barnhizer,30,21.89,6b9ff8ac-a24a-46b2-8a4a-4f4015c6b353
Myron Gardner,29,19.29,8de6d5bf-730c-4c48-8f00-7f9da72e979e
Giddy Potts,29,1.54,7ac29d25-418d-4bf3-b302-cda0f4aa7cae
Cody Martin,29,-8.62,0000b397-3cf4-4dd4-a910-000000000131
Dawson Garcia,28,-13.74,4aa2ea37-df6a-43f3-9838-5bb4d2e13186
GG Jackson,28,-16.99,de22ebf7-4f76-48b4-805b-b5f87858922f
Sharife Cooper,28,0.12,2d470912-d9ac-4456-916c-372fc4c84cdc
Khaman Maluach,28,-4.31,d4dcccfe-9470-4fef-bac2-e9f6aa1cfd32
Colby Jones,27,1.87,80ea0675-30db-4ebf-b37f-eb50552e8d0e
Terry Roberts,27,-17.81,6b0963ac-b00e-46cd-94e8-e60dc3238718
Taylor Hendricks,26,6.33,91ee33ca-2f8a-421c-8a4d-b0f98d5bc54c
Rahsool Diggins,26,-7.71,6404e275-f55f-42e5-8d36-cddd1661c335
Cameron Parker,26,6.45,15e3cffa-aed2-4d74-a8e0-ec06dfea63c6
Anthony Pritchard,26,-11.05,58d7789a-e4bc-46cd-91d5-01526491d417
Caleb Love,25,-31.22,163d0a85-fc13-4c76-8e98-93aae28417d2
Jason Preston,25,-8.77,b609ade3-6177-4d12-8f4d-e717beb97f97
Jahmai Mashack,25,-17.88,f851dd8e-83fb-42a9-8b76-cc5afe5350fa
JD Davison,25,-14.04,833b573b-1366-463c-92ea-56e7718c0dc6
Pedro Bradshaw,24,7.09,881e8c41-f4cb-44fa-9caa-782d1e294daf
Jamal Mashburn, Jr.,24,-19.90,e2dcfe4a-9e16-4ab8-8eee-e15ca0db6eb5
Sy Chatman,24,-5.77,ea9cdbe0-fa96-437f-99d0-f1c67185f3e7
Nathan Mariano,24,-26.53,6e090c81-2a42-43d1-9e4e-bd5a04f09b10
Bronny James,24,12.86,ec9d7a06-798b-45e0-8eae-a5bfdd92f0ba
Seth Maxwell,24,-8.21,12d95e3f-d714-4300-978c-245c9d0f302c
Brian Taylor,23,-23.47,ef62751a-0816-46fa-9160-054ef9ec64e4
Kalil Thomas,23,13.42,1e30df52-91e3-4394-8265-d813a892b8c7
Grant Nelson,23,-27.09,c4012fed-7c3d-4171-a8c7-3432c061c9d7
Andersson Garcia,23,-18.15,9b93509f-b8d1-4066-ba4c-6338fed2a84f
Lance Terry,23,-0.64,2c5a45b8-029d-4556-9186-221becde7ae7
Trey McGowens,23,7.56,a17cb8d2-4fe7-49a1-b4b9-e56f6316d694
Jamal Bieniemy,23,-15.35,5659992f-2487-47ce-83f7-baedce2a090e
Javon Freeman-Liberty,22,-2.63,a28cdf29-f659-4646-b964-87ec3c295ae4
Chandler Baker,22,5.10,db071247-1883-4852-b647-0b794ee7cdee
Kaden Anderson,22,12.33,d3403310-4ad2-4ea2-9072-623f9adefc8d
Elfrid Payton,22,-15.63,ff4126dc-89ef-11e6-a96d-a45e60e298d3
Derrin Boyd,21,-20.27,6dfc6fb5-d921-403b-b590-c1c4c3e900a9
Kasparas Jakucionis,21,0.95,f4881a74-343b-4005-b701-3f53c512aba6
Jermaine Couisnard,21,-25.45,395250e2-3fc7-41ec-b3e5-be2b920a6458
Devin Carter,20,-19.24,8a8e683b-3939-4208-b55c-bc9cefe13a54
Ariel Hukporti,20,-16.09,91a10e2e-9784-440d-b0a4-83a8db044c1d
Marcus Bagley,20,-7.22,a39bf7f9-11fd-434e-9673-4a184061ad7d
Tyrese Martin,19,36.00,1d3ff68e-d714-4f70-b952-02cf2252e990
Josiah Allick,19,-25.28,46de8a99-497a-49cd-a9ec-347e787439e3
Cameron Tyson,19,-1.54,18ede5d3-f2de-4f9f-a9c3-ffe37ac43566
Noa Essengue,19,-14.22,fe09888e-ef47-4152-a457-e6f4e04aee54
Akoldah Gak,19,-20.65,e6e552fd-83e6-4bb7-b80a-9b0bae80ad1c
Jonas Aidoo,18,-2.39,18e9a256-6619-4a10-a5dd-2c89bb7cfb0a
Jay Scrubb,18,-29.87,8488ec31-e9a6-4535-a007-3b6fb6c5f1bd
Martez Brown,18,-40.11,15a40435-a0cb-41f5-8680-120339364fa1
Hason Ward,18,-35.92,99828648-af70-4757-ac4f-8f3e6c8364f5
Vernon Carey Jr.,18,-4.97,9dc84f16-116c-451e-a191-b54f210fecbe
Jonathan Mogbo,18,-17.02,12f2cb53-d3a1-4a42-b6ed-9238a8eab4f7
Geronimo Rubio De La Rosa,18,-13.36,5bc79052-06fe-4165-bc0d-7121fc331302
Adou Thiero,18,19.63,9b945fc0-d3bb-405d-bf43-95c6e7d7e87b
Nikola Topic,17,12.94,deb86c8a-aaa2-472e-a66d-a1cbace2c797
Aminu Mohammed,17,-14.97,6abaacf2-5a3c-4c72-b19c-2a645dd84022
Cody Williams,17,-17.89,8b49e58d-df58-4e21-b984-2bda3ce246e6
Wooga Poplar,17,16.66,b3aaee9c-4272-479b-9fdc-7b99458903ea
O'Mar Stanley,16,-24.50,c35585ea-5c0e-4c72-bd00-07eceb71ee47
Terry Taylor,16,-32.54,0852ab90-243b-4951-bfb0-c536f151cba5
Branden Carlson,16,25.25,c401774b-397d-4c15-93a0-592eb4752dac
Ryan Woolridge,16,-20.39,a4f5f591-7988-4761-b96d-5efb627bd420
Colin Castleton,16,4.00,cb160212-66c3-46cf-8728-c0d6612456f8
Will Riley,15,15.98,3fb6c927-c443-46a9-aecb-1105dfb05233
Jackson Rowe,15,-24.62,87777cd1-2099-4edd-8256-f29343fa0fd4
Yuki Kawamura,15,-16.22,3d921f8a-1119-4e42-be46-c22ae84d5f58
Malaki Branham,15,6.95,13030bd6-e3d6-4e2a-9685-88300bc4ec5f
Cam Young,15,-5.55,f61521e8-e7f3-4526-a0fa-efedc3c820ca
Vance Jackson,15,52.46,2a70adf2-b7a5-4028-b567-a3b18585a709
Josh Minott,14,21.62,3dafdc09-40d9-4934-b9c9-8be3bd3eb90a
Kaleb Johnson,14,21.63,51e2e08f-d07e-4dbd-a05f-bba8e5c69f96
Kam Jones,14,-12.64,93ff04cb-5390-4709-a521-c7ce58713f31
Symir Torrence,14,-4.50,6779419d-662d-4a38-b2ea-cb8e012eed8f
Kalib Boone,14,-20.88,57657681-6e1c-4701-8298-93f30846effc
Cameron Martin,14,19.41,99e062a8-b28c-47b0-9682-92a5d2461cd1
Elijah Cain,13,1.69,2ce0583b-9426-44be-820b-de29934964ee
Issac McBride,13,-29.41,e98d2d7d-61a8-42e6-9c79-f1c3d6667ec9
Kendall Munson,13,-26.73,11a2c3b6-617d-4889-ac4c-dc3821c6375a
CJ Fulton,13,45.05,e2d1008a-5cc8-4a4d-9f54-0bacfbd083be
Dalton Knecht,13,6.79,b8da7ce7-11b7-4a94-acd4-f309bf4b6333
Tyler Kolek,13,16.40,40faa5df-7ced-449d-bd12-300a2938370a
Omar El-Sheikh,13,7.62,bdfadf82-2b4c-44e8-ae46-a6e3c9957744
Cam Reddish,13,6.51,5cef3c95-c7c7-4206-b70c-41f647f9498b
Jamison Battle,12,25.35,74f1f473-4fc6-4175-bf32-f1f99de73ef8
Steven Crowl,12,-16.60,ee193c16-33d6-4aac-9688-7dde65cf6671
Chase Jeter,12,-0.12,ea3ac175-ec80-45da-aa31-7c38b04c7657
Ace Baldwin,12,-20.80,6ab19369-4aa1-4aa6-8274-b595ac8902be
Drake Powell,12,21.37,ed72fbc9-1066-46d8-872e-9a437c4e536e
Abou Ousmane,12,-41.51,585d08a6-4aa1-45ad-81f0-76cb2c579ab1
Tomas Chapero,12,11.12,5909ae5b-81cc-4f42-adb1-912f0c19edfc
Esteban Ezequiel Roacho Amador,12,-25.46,2d23e4fc-8b5f-4131-af0f-83b0ae3a2c69
Mason Madsen,12,-2.42,d745163f-0ba1-4894-9467-cb7553e99081
Ryan Nembhard,11,-14.94,f43050bf-10e7-4919-95a0-272b4c616687
Eric Ayala,11,-12.74,0ed3aa02-c44c-4b25-a16c-d448d88b92ea
Tyrese Samuel,11,-18.09,f4159312-f59d-46f6-a72d-afb990d1e80a
Julian Phillips,11,-0.53,76ada8a1-6ec8-4915-b57e-fa234b1f2788
T.J. Weeks,10,-8.32,7d91ff01-e290-4fe8-955f-093a15c1d3b5
Dalen Terry,10,4.21,8fc64d15-1d47-47e1-bb04-d03f75dccc5a
Kellen Tynes,10,-26.47,83a05254-611e-4587-a927-613bde48b6ba
Lacey James,10,-17.52,04c6579b-6a42-4b88-944b-6cc896241e84
Cameron Smith,10,36.12,bd762247-fb20-496c-af57-0abcde142d02
Tommy Bruner,10,-13.89,9819211d-c92e-4802-8be4-018f1efe7932
Jacob Toppin,10,5.03,9e0abf37-2963-4f62-b8f7-104fefa58273
James Banks III,10,-4.41,f4a998d1-4507-43b9-91e3-832dde032d54
Marquis Barnett,9,8.45,7edec21a-68b6-453a-b51f-2e3827a52d7d
Amari Williams,9,2.25,7f8f2047-20da-4fde-b1c4-e046ef5d94f1
Jahlil White,9,-5.05,e21b31ea-a8e5-41ad-89b1-72a56bdf59e1
Ray Harrison,9,-23.63,57be9a58-9fec-4727-b978-d75c7e33e914
Devon Higgs,9,-8.23,72b7a0bc-f1b6-4996-89e8-8c6535bd71c0
Oscar Tshiebwe,9,-3.16,9234048a-d7a7-4f77-8d48-3b95b6365ae0
Mohamed Diawara,9,4.09,cb172f69-5e77-4552-a43b-b2993cb7f689
Trey Jemison III,9,-10.61,48e06536-9d6f-4027-9d17-ec477a9ae3a2
Derek Ogbeide,9,-19.08,4f5b0cc7-0740-4ebb-8b37-c464b1f421f3
Noah Penda,9,12.47,8257785f-b06f-4feb-a7c3-c58c4fbf99d7
Kobe Brown,8,3.31,751e59b1-45ae-45f0-bc03-01f6c87520a5
Tolu Smith,8,-21.65,dea8af5c-b86c-4445-b191-20c7806e6a4e
Jeremiah Tilmon,8,37.23,285400dc-29c2-4d6a-83a0-5b87049c14f0
Ibrahima Diallo,8,-36.17,505bb488-33f9-485b-9cce-e0533d462cf1
Cam Christie,8,-38.50,8a68ba44-d87b-41c9-94f3-c94e88cb37a0
Yanic Konan Niederhauser,8,-51.09,c4c0b9a3-5f7e-4611-977b-e0d73c08a29c
Obadiah Noel,8,-17.83,ae301693-1228-4496-9f09-3dede6e84191
Elijah Pemberton,7,6.25,0fd95fbb-b175-40e4-a6c7-4864b5678d6f
Tylor Perry,7,-24.74,0b9ca9bc-f567-4768-9cc5-5e42d6fc8dce
Christian Koloko,7,-33.49,efbab460-ac97-49e1-aa9f-6e7da27ab2df
Jared McCain,7,-10.10,eb79ea6c-b337-448d-ac33-7e92219822ef
James Reese,7,9.52,26f760b4-f286-403c-ae5b-8c4a2f2810ff
Rayan Rupert,7,-14.93,f99ade9a-ec49-4d41-b7f8-7e1b16c9ed79
Kario Oquendo,7,32.61,1ea004d3-81c8-428e-920e-2fde02ccf379
Olivier-Maxence Prosper,7,-34.53,28df8a9e-306a-47ee-bb0e-55b9ea87d542
Michael Caicedo,7,-55.17,315d7d14-0a97-43d5-bbf8-4b59a0938e21
Nathan Missia-Dio,7,-31.70,ef69e667-2cb2-4590-bb9e-561480e2abeb
Lahat Thioune,7,8.24,81875c9a-a727-4662-bd59-5ce020b80d6a
Jace Carter,6,-56.63,d6029d99-f377-4558-8061-e383e37d162d
Onno Steger,6,-1.18,f033b782-7e16-4a10-b000-aff290ea4400
Jean-Jacques Boissy,6,-30.04,3cd15c37-c35d-4061-82f8-728bfefd34c9
Ja'Vier Francis,6,-53.59,426de6ba-834c-455a-8c94-9656ad089275
Julian Reese,6,-15.69,9f1b6ada-6f2a-4683-9f79-e98b06d24f06
Joey Calcaterra,6,-30.27,f07958e4-943d-41bd-add3-e75692af9566
Jazian Gortman,6,48.68,dd6ea48a-5adc-4411-bead-f2cf2861a9ce
Jamaree Bouyea,6,-53.05,e35aa016-05af-4a0b-92b3-b0d987d11892
Kylor Kelley,5,-10.90,08d8e7a7-6e98-43fb-808a-803728ffe738
Feron Hunt,5,-20.94,5210db69-14a3-4c9b-ad2a-62c349f4ac65
Markelle Fultz,5,-27.66,1114f266-df53-4313-b425-0021dd87864b
Jase Richardson,5,-0.56,1cc4e557-6ed1-4db5-8816-1c00724e5554
Javon Small,5,36.38,6b98a36d-b1bc-4b68-bd5b-0671580d44c4
Ray Spalding,5,-30.62,ef25a4fc-8a16-4dd9-a1fa-e236cd842a32
Tyrese Proctor,5,-25.73,27207fcd-251c-4d7b-8d11-48823d8dab1b
Alex Toohey,5,3.47,ac601971-3fa2-4aff-940d-0f5fa3745d0c
Matthew Moncrieffe,5,-9.13,3d0d89b4-df1e-43a9-9870-4329d5e8161c
Gabe Levin,5,-20.88,154a9e91-a046-4e1d-bd25-0fdf6dc87f45
Omer Yurtseven,4,-45.01,6811ad75-3527-4bfc-b0bc-8fd46ec62535
Daniel Batcho,4,-49.97,72e13ad0-9840-41e7-b88f-ab295ef762fb
Jamarion Sharp,4,-26.25,02b5523f-9555-42f2-b2a7-3ba79ce5e959
Dylan Cardwell,4,-13.27,fb79aa4f-8468-454c-80db-1768d95b4e42
Pierre Crockrell II,3,22.59,1a254905-e1db-43b8-9f5c-b1bf4e663150
Nique Clifford,3,-10.36,329049aa-89c8-439b-a0c3-dc93d3609931
Carter Bryant,3,-58.85,18dc7187-8fc5-47bf-9779-e7a7694c498c
Moses Brown,3,-9.28,81ca845d-dae4-46b5-89e6-86d619acb3c8
Jaden Seymour,3,-0.52,667eabca-780b-45aa-8d74-a3418e732e81
Maxime Raynaud,3,-50.12,31a1e47b-7784-4021-b7f2-31e4ef972892
Alejandro Vasquez,3,-5.26,146e6f60-9f61-4669-902f-1f985d239c46
Quenton Jackson,3,47.54,2916816a-1e08-43ef-953d-a81bfe3503ee
Terrence Shannon Jr.,3,-0.69,94d35dd4-a4fe-47ae-a856-cd0d5b1193a9
Philip Alston,3,-7.98,f05622f9-9133-4b26-8fce-07c056dbcf6c
Marcus Sasser,3,-2.37,5fc1833e-3993-49a8-8970-87ad09b61dff
Makhi Mitchell,3,87.39,fec781d1-53e1-4e5e-baf1-7937603be356
Walter Clayton Jr.,3,-56.43,ae81ff91-c142-4a68-b826-4ae75af6a94f
Joan Beringer,3,22.17,325d465a-ead8-4773-875c-a3fd83d18f23
Charles Bediako,3,-53.22,40e03646-000c-4ccf-a366-50f9477583e5
David Muoka,2,-42.04,c5a7468d-b9c2-4814-a823-b9bf4a58358f
Ileri Ayo-Faleye,2,-57.27,8419ad0c-1d1b-41ad-a04b-4d8bd3aff0a0
Trae Hannibal,2,11.73,636fef85-a117-4abd-96b9-a45df0f16b53
Keylan Boone,2,95.61,57039dfd-7492-49c5-b3c3-30c8422fda2d
P.J. Hayes,2,15.90,659ecb80-2665-4645-b890-ef69b738b5e3
Tony Carr,2,18.54,4eb5e112-86bc-45b5-a081-deb3f3aa0b67
Fousseyni Drame,2,-50.84,0870aa3a-22ad-4cf6-8f45-cbe6ca3f7e75
Samson Johnson,2,3.12,68596e1c-c815-41b9-ae9b-a8179fee1f36
Warith Alatishe,2,-36.57,ef3f7448-40b8-4701-8feb-456aaa4d1c6e
Jordan Bell,2,-54.37,07a35d50-2dd1-4476-a9ac-b6e7154ce069
Vinicius Da Silva,2,-42.07,63049d09-0880-48ee-af08-c8f25b874237
JP Pegues,2,25.71,dbabc9d0-e8c8-4399-92a9-047c7ffb580f
Jae'Sean Tate,2,21.34,80383c81-b671-4a11-b003-ae08fba34eb8
Dwayne Cohill,2,16.87,28c78fcb-5cfa-4d69-bf2f-416eef831e04
Jordan Forbes,1,-55.30,d03f53e6-1f95-47b7-a843-dab2a10456f0
Josh Cohen,1,-55.09,e74d5547-334a-49c7-b5e5-a33913f3596c
Drew Cisse,1,58.05,4943e7dd-a830-4c29-bd39-a8b168bf00b9
Lawson Lovering,1,43.26,ee296dd9-8d26-420c-9aa1-271f6b6a2222
Parker Van Dyke,1,103.29,b25395ca-26fc-4977-bf67-3b99e73e1048
Robert Woodard II,1,-30.57,9bedc1b4-449c-42cb-b9a2-9b0cd3596329
Isaiah Todd,1,-50.42,1dbb419d-3008-45c5-aade-fb964248499e
Dain Dainja,1,-27.60,3d560bd7-c964-492e-97b7-12c4feda4079
Matt Becht,1,-47.26,37e8858f-5f40-4a44-8f60-2f6e2316aae8
Blaise Threatt,1,-54.49,7bf581f6-845d-4d34-9460-f09f129eb841
Jaire Grayer,1,101.06,c641880b-c90c-465e-8564-f6a741fae84b
Davonte Gaines,1,-63.69,6e74a308-26d0-4ebb-b5f2-5a0dbe334f86
Cheikh Mbacke Diong,1,-51.52,7efefdc5-c8ee-4221-ac12-a35549517aa2
Ibou Badji,1,-41.23,9e3a3a92-a664-48f7-97d2-0f8f27735dbd
Josue Erazo,1,-57.21,68813475-aec9-4124-948e-507895e853c7
Jamiya Neal,1,90.22,bd101cdc-8e04-424a-8c61-034c93ff6be7
Moussa Cisse,1,-53.58,b4769ff6-6ae9-446a-a262-0b849da72338
Adem Bona,1,-53.87,df125bae-eba5-488c-b948-9767e7090d40