Shooter,Shots Attempted,qSI (sum),SSI Player ID
Keshon Gilbert,182,2341.42,10762d58-0a4c-416e-8e01-0af744c29286
Isaac Jones,233,2263.20,a35d4b94-e6ff-4f4a-8f40-d64d70dd4c3a
Mac McClung,220,2046.58,d9671fc0-754d-4cd1-b61d-2f6526c31497
William Baker,162,1972.20,dc9d21e3-68f0-4270-a358-8e68da5bbafc
PJ Hall,157,1777.19,4af59bef-250a-46aa-a5d3-e448a55f61ad
Orlando Robinson,119,1698.21,e58d10b8-dbfa-46bc-9b80-d078501bcce7
Harrison Ingram,211,1649.40,289b86f4-5aea-4603-a5e7-54793e5eb584
Moses Brown,284,1638.85,81ca845d-dae4-46b5-89e6-86d619acb3c8
Chris Livingston,214,1565.28,f79d533e-f423-4752-a088-6d507d795bdb
Josh Oduro,226,1504.34,8356850f-e674-4868-8a3b-7cf5b6193dce
Isaih Moore,199,1470.20,ea2cbcac-0b28-454f-a3f7-a30bb1d6fbb1
Chris Manon,179,1448.08,5dde0a80-753d-41a6-9ffa-6193317a3a17
Hunter Dickinson,155,1419.84,00c80505-49a6-4ed4-ae3d-decf5a59b3a2
Emanuel Miller,165,1388.73,9333d369-df08-4c59-9073-3164d584f481
Tyreke Key,144,1369.93,a9ab59d3-2f04-49b0-b4fd-a265d98af568
DaQuan Jeffries,105,1349.97,b969f906-aab2-4845-b038-70ec8482bed4
Norchad Omier,322,1290.85,15c34e0c-e636-4bd1-a7db-6435d201f8c6
Alex Morales,235,1283.80,21a9c7c7-f211-4710-9932-3ecfa2fd4256
Tristan Enaruna,199,1274.86,998f2322-7dab-4353-99d7-b23e57eeb3ed
Lachlan Olbrich,96,1259.83,684950fe-3bcb-47f2-8bfa-a9941e216b28
Dain Dainja,210,1242.94,3d560bd7-c964-492e-97b7-12c4feda4079
Eric Dixon,88,1241.29,11ec3e54-7b96-4e1f-856e-8933eb8de9c3
Arthur Kaluma,129,1240.16,c7a03fd4-8ba5-4f9e-b62d-db9492da6f1c
Kaleb Johnson,90,1200.65,51e2e08f-d07e-4dbd-a05f-bba8e5c69f96
Lester Quinones,153,1183.70,e4c6a53d-37a8-4278-9230-5a9d9ccc6d02
Cameron Hildreth,119,1165.71,2c4cbc5a-83fe-4562-afdd-859499b77aa5
CJ Huntley,246,1163.96,a93dac29-3dee-4328-8787-673c2c4d207c
Donovan Williams,145,1150.75,12136b74-23d8-49b4-b4de-98a320969c76
Andrew Carr,110,1071.11,d2f39898-17d1-4d74-bfca-1719672b051a
Wendell Moore Jr.,155,1065.10,96f746dd-7dfb-4ea4-a98c-39ed5d2a0fd5
Reece Beekman,122,1020.84,a419b920-f119-41d8-af53-47d3b49ea811
LJ Figueroa,133,1018.06,629382e8-fcc6-4974-b0a3-99fd67940f2d
Julian Reese,142,1009.71,9f1b6ada-6f2a-4683-9f79-e98b06d24f06
Chaney Johnson,109,1009.63,4007e9ee-5f46-4b39-9d77-0001aa54f1f4
M.J. Iraldi,121,1008.40,bc70e8c9-c8ff-44fc-b539-10f863d5efec
Zhaire Smith,295,1006.76,bf29165e-4d8e-4760-a070-5502dd6c2176
Keyontae Johnson,145,1003.50,d5348336-15a5-416f-8312-bd7030a6277b
Alize Johnson,160,964.53,c97ec77d-b190-477c-8f04-2d8be4554830
Chris Youngblood,67,955.42,35206de4-a3c1-415a-b596-126c0ab7b44a
Jeremiah Robinson-Earl,150,947.07,1a9ac6bd-8b02-4fe8-8096-c435a2a90100
Tyson Degenhart,123,943.53,7ce310e3-5034-435f-85fd-9db70356ed75
Coleman Hawkins,118,920.18,769be316-e69b-4438-a859-7fbbad08accf
Cormac Ryan,95,919.88,f3f41cea-955b-4ff5-b6fc-69991789d721
Justin Minaya,111,916.76,8a534421-7dd1-49c4-a304-7b5a2341f904
Jaden Shackelford,96,911.54,dfffb2fc-160c-41a4-9a75-af0a21d2ba76
Amari Williams,131,904.14,7f8f2047-20da-4fde-b1c4-e046ef5d94f1
Quincy Olivari,66,896.76,cbbbce73-763b-4e1d-820b-1b8f62857eaa
Cameron Parker,62,879.78,15e3cffa-aed2-4d74-a8e0-ec06dfea63c6
Marques Bolden,131,837.40,95b6d616-e911-4060-869d-7f633e7ec049
Kobe Bufkin,96,798.55,9e453254-b85d-43ba-a615-8bf683d94834
Tolu Smith,216,792.28,dea8af5c-b86c-4445-b191-20c7806e6a4e
John Butler Jr.,94,787.53,16110c22-e5e0-4925-94a9-959285132aeb
Marcus Garrett,106,776.49,723b0c0c-ac5b-4b0c-b84c-01da7be6c705
Alex Reese,65,773.21,1f6ef8b2-5d7a-4ca6-a9f2-cc8c06c032b8
Alex Schumacher,61,772.16,74b58589-0ca1-4a71-ac83-93c57a2e8b83
Kira Lewis Jr.,93,767.10,ce287780-67de-44fa-86c2-d87dec5a1e28
Mo Bamba,117,765.32,ee761e41-d0d2-4a56-84cf-353e2ae5a961
Steven Crowl,78,764.58,ee193c16-33d6-4aac-9688-7dde65cf6671
Javonte Cooke,111,759.71,0c8af3e4-85bf-4c62-921b-d5cc21594198
Saint Thomas,99,747.87,9ac60fc8-a677-4c67-8b1a-92c61ac71eec
Tristen Newton,128,744.16,ea2c60f4-30d3-4154-b99e-b907b24658bf
DeJon Jarreau,97,741.84,3cd02b89-3d2f-46ff-b392-29215f6825b4
Patrick Baldwin Jr.,139,736.39,45b328c0-b3b8-4a36-a0c1-28e39227ca85
Hason Ward,159,735.24,99828648-af70-4757-ac4f-8f3e6c8364f5
Colin Castleton,121,733.78,cb160212-66c3-46cf-8728-c0d6612456f8
Alijah Martin,129,719.34,c1035422-a088-42e6-8ad3-db400bb52aa1
Johni Broome,134,711.92,12c34cc3-1005-4454-bcfa-a5332744fd4c
Victor Oladipo,94,703.82,ff415fa8-89ef-11e6-bc85-a45e60e298d3
Drew Timme,124,692.29,30998b89-18c0-4086-ae61-1830056bb1b7
Charlie Brown Jr.,134,683.73,dfa6209b-514d-438b-9c4c-bd6f1ff85613
Jamarion Sharp,137,677.38,02b5523f-9555-42f2-b2a7-3ba79ce5e959
Johnny Davis,108,663.43,bd507dbb-cb87-4e45-ad2e-1990df07ac20
Damion Baugh,111,647.66,bcde43ef-a7dd-4d4d-9d7e-a0585052e0b9
Asa Newell,109,641.26,eb38ea24-c68c-4f72-9a55-2e397b4f0124
Vladislav Goldin,92,638.44,0d1efd50-8b55-402c-af4a-3400a0ecf19e
Nate Williams,158,637.60,3ab12c09-2aae-4bc0-a45e-0132e6751116
Stephen Thompson,73,629.74,41e105ed-f146-4aef-a65b-262abde1841e
Javonte Smart,89,620.93,a340ee6f-51b2-400d-8c06-295617b4c779
MarJon Beauchamp,102,616.79,a17b838f-efcd-4d85-adab-39e05d579e13
Sean Pedulla,173,607.26,6068f2de-9744-432d-b3f4-f73da0894927
Matthew Cleveland,123,606.17,45913c55-0376-4b4f-9935-00471ffb3033
Zyon Pullin,88,605.42,21f03dac-c84d-48c5-80ce-a54781f63914
James Bouknight,138,603.53,a4bca3d5-c8c6-408f-a4bf-22453062b4b9
R.J. Davis,89,601.00,af3e4f66-d651-4875-9291-4ee32c6a65dd
Rocco Zikarsky,196,600.56,7a36a328-5e4b-42b6-a21b-39e9f97e0188
Khaman Maluach,56,586.74,d4dcccfe-9470-4fef-bac2-e9f6aa1cfd32
Zach Freemantle,134,582.63,aaa72835-bf87-4903-8432-953c82e91876
DaRon Holmes II,98,580.06,33ee598f-dbec-467d-982c-9722af3b3261
Tyrese Samuel,172,575.70,f4159312-f59d-46f6-a72d-afb990d1e80a
Jayden Nunn,145,574.82,174b4cc1-dd31-428b-97ad-093422ffe324
Kevin Knox II,87,572.38,868bf1ee-0aa9-4762-a685-b32801d25e6a
Dillon Jones,107,570.48,7c13f8c0-55bf-46b9-a41e-cbaeea35c13b
Jalen Slawson,123,565.95,ee32b868-f2aa-47fd-bc12-e2df467173a0
Sy Chatman,46,562.35,ea9cdbe0-fa96-437f-99d0-f1c67185f3e7
John Tonje,113,557.56,5bfe6dcb-3da9-45f9-95c0-ed690168c7ba
Jaylin Williams,104,557.29,db384374-d594-45b6-a3de-9aa8a66dc226
Dane Goodwin,132,550.01,83cf7787-d441-4c3a-b5de-a2b2a623350b
Jarkel Joiner,113,542.07,994212e5-17be-4696-bd46-0efcd68787bc
Yang Hansen,90,540.29,c6156c46-4275-4470-bed6-6c382811ef91
Jaylen Martin,85,540.26,70021baf-68ca-4b04-a865-fe10b1450b62
Dalano Banton,208,540.08,ccd8ec3b-3e5b-4f39-9b41-91882f179a73
Josiah Allick,102,539.55,46de8a99-497a-49cd-a9ec-347e787439e3
Bez Mbeng,76,537.42,117522bd-3f51-4ef9-99ae-8cf060df132b
Justin Harmon,129,530.95,4c8abee4-0270-4d98-b4ab-cff9969857fc
Grant Nelson,80,529.49,c4012fed-7c3d-4171-a8c7-3432c061c9d7
Pete Nance,43,520.44,a9d51846-7123-4773-be70-de509c877a08
Trevor Keels,94,518.96,58189b84-2563-4034-984b-e61021022c4c
Jameer Nelson Jr.,106,514.24,55218f5a-96d0-455d-953e-1af096389bc1
Jules Bernard,186,508.91,7c2fd9b6-9749-4ca1-8d58-b773ff9223dd
Osayi Osifo,87,506.75,c1f25993-dd81-43fd-a710-d7b67b6bd974
Giorgi Bezhanishvili,179,502.33,4d0b25c0-eb2c-423a-875e-ba9f74999bdf
Tosan Evbuomwan,111,496.25,3836af33-7171-4f6b-b4e3-7dc129d8efa6
AJ Hoggard,64,496.21,91fbbfa3-eabc-4c5d-b0d0-b2fc674c84bb
Makhi Mitchell,59,492.08,fec781d1-53e1-4e5e-baf1-7937603be356
Trey Jemison III,67,487.18,48e06536-9d6f-4027-9d17-ec477a9ae3a2
Kyle Guy,57,485.12,9eed3d99-6049-4cd0-96bb-4fabb8ad8ddd
Mark Sears,115,481.08,6af77143-6aac-4199-ac80-bfa704e2ca51
Kendall Brown,145,481.08,84863ea4-7e22-4827-9c1e-091a16291b37
Max Abmas,59,473.94,23961594-cb8d-4560-b709-2ace5a6b16a4
Antonio Reeves,94,471.38,19004e0e-7982-4513-bdba-24e11e49d49d
Malachi Smith,108,470.46,cf11631f-67ad-4f08-9466-e66859baa68e
Trey McGowens,86,463.42,a17cb8d2-4fe7-49a1-b4b9-e56f6316d694
David Jones Garcia,61,457.44,8207e744-783c-4fac-8d78-52acb829f00c
Samson Johnson,163,454.71,68596e1c-c815-41b9-ae9b-a8179fee1f36
Ibrahima Diallo,61,453.64,505bb488-33f9-485b-9cce-e0533d462cf1
Tomas Chapero,122,452.44,5909ae5b-81cc-4f42-adb1-912f0c19edfc
Drew Peterson,67,442.87,b385f90c-bbc7-4346-8507-4d626e2c0c61
Gabe McGlothan,139,442.13,32f54c28-47c6-4d3c-8364-c3956aef7190
Kyle Mangas,147,437.07,509e10a3-69e7-41cc-a0b5-44de8eb4659f
Trey Alexander,106,433.17,eae5a4b1-2701-4843-b7ed-ac8677e6446b
Enrique Freeman,130,430.54,f838df3f-72c5-4cf1-a555-7182e3dccd13
Jaelen House,91,429.58,e14de0fe-50fa-4322-a5a2-55cb2137e6f2
Chance McMillian,52,420.20,d40fdb50-4ea9-488f-85e3-aa57164f9d0a
Ethan Thompson,56,407.64,e303b1cc-a268-4f85-8063-e447c757ede6
Taevion Kinsey,162,403.28,b17e9b18-8167-47ec-b96c-1a1c88208376
Sheldon Edwards,29,399.24,8d385c74-6c2b-4704-ad41-8e5519b11012
Adam Flagler,43,396.39,60b1ff6f-7e65-4d93-8b0b-fe76747cb0db
DeAndre Williams,200,389.17,d240c74d-0376-4b1e-998d-190b778ced1b
Cameron Brown,37,387.77,c2df5312-12de-4f83-9d1a-3f3c2ab6148f
Caleb Love,52,386.38,163d0a85-fc13-4c76-8e98-93aae28417d2
Kobe Stewart,97,383.32,9c8748fc-6d1c-4911-99a0-94e1cf486b48
Jamaree Bouyea,22,379.11,e35aa016-05af-4a0b-92b3-b0d987d11892
Elfrid Payton,51,377.17,ff4126dc-89ef-11e6-a96d-a45e60e298d3
Skal Labissiere,153,370.00,0943dbc8-178e-4cab-97d6-3f31747698ab
Dawson Garcia,26,366.17,4aa2ea37-df6a-43f3-9838-5bb4d2e13186
Justin Edwards,26,366.00,c2b8cc6a-c87c-4dc5-bfea-c4630c2b6f3e
Josh Christopher,141,360.47,207daaca-464a-4e71-8c77-cae31615c0e3
Javan Johnson,47,357.99,5bf3dc6a-f0bf-4146-9233-0714a95538e5
Jonathan Mogbo,125,357.75,12f2cb53-d3a1-4a42-b6ed-9238a8eab4f7
GG Jackson,39,357.06,de22ebf7-4f76-48b4-805b-b5f87858922f
Anthony Pritchard,146,356.32,58d7789a-e4bc-46cd-91d5-01526491d417
Anton Watson,147,354.71,8cb4b74b-84e9-40e3-9a3a-a7dd7be9767b
Terrell Brown Jr.,61,352.13,0784aa6d-2f58-4e8f-8fd0-d3cb2fd08ff8
Daeqwon Plowden,96,350.26,daca4b6a-526f-49e8-a02e-ba59acb77846
Brooks Barnhizer,99,347.43,6b9ff8ac-a24a-46b2-8a4a-4f4015c6b353
Ron Harper Jr.,59,346.08,0fc9db0f-ca5e-49e9-a003-973fa4fd8839
Will Riley,18,342.95,3fb6c927-c443-46a9-aecb-1105dfb05233
Bryson Warren,51,341.14,de89d563-ec4f-4356-8cba-afd95b5a975a
Pacome Dadiet,62,340.16,810fd8fe-5999-4962-9441-004f4a25fea2
Blake Hinson,126,334.63,64b12646-2555-4dd0-98eb-cb169b3ee58a
Isaiah Crawford,68,331.18,cc5a020f-5862-494b-a997-26288b4f4f12
John Ukomadu,124,329.98,b4f22d30-f720-4880-9fc3-a7a1f5679086
Luke Goode,33,323.41,4144db18-4210-42b8-af58-fd1dd83e87c6
Ariel Hukporti,30,323.15,91a10e2e-9784-440d-b0a4-83a8db044c1d
Basheer Jihad,195,322.56,bd9b1fa0-957f-4365-8af3-a545d525965b
Nikola Djurisic,47,321.58,0e381936-04ed-49fd-87b0-400686b3e145
Tamar Bates,25,318.75,4e132a3e-20b7-4058-9b69-c71ed0bfd654
Cody Martin,46,316.19,0000b397-3cf4-4dd4-a910-000000000131
Jaden Akins,167,309.82,e6acbf72-2032-4b3f-9672-62f8052c1873
Moussa Cisse,102,309.78,b4769ff6-6ae9-446a-a262-0b849da72338
Danny Wolf,34,307.42,0b1b2334-050a-4f4e-bae7-3865147c950f
Matt Allocco,25,306.11,1542fce4-02f8-434c-8e0b-c655313fea33
Killian Hayes,72,305.10,9a826fec-5df7-4a14-8637-3364dc9433c2
Malik Williams,165,304.60,91d9d39e-7ed1-4320-80fc-4d487e79b1fa
Akoldah Gak,100,302.13,e6e552fd-83e6-4bb7-b80a-9b0bae80ad1c
Tyrese Hunter,19,301.97,4f89702e-6e19-48ef-9be1-8da8a0837a2f
Tyler Polley,56,301.25,e48e99e8-0b78-493c-9d6f-15b65e7869c6
Alondes Williams,198,299.30,e555cb48-990b-4ef7-8464-59adc6adf34d
Chris Mantis,23,296.24,d2d320cb-de1d-4f2f-b238-9697f02b41ff
Riley Minix,115,295.56,d4332b50-b7fb-4429-9525-e10587f584d9
Zhuric Phelps,49,293.48,cbddda95-fa69-4ae6-b6b0-247f5c669b7f
Kevon Harris,34,285.28,8190d885-1fd0-4dad-99d7-2431cc018492
Brice Williams,64,277.05,bc4eee96-6dec-4e4c-ac60-d467785926cb
Jay Scrubb,17,273.55,8488ec31-e9a6-4535-a007-3b6fb6c5f1bd
Nikola Topic,49,273.37,deb86c8a-aaa2-472e-a66d-a1cbace2c797
Cam Reddish,11,269.52,5cef3c95-c7c7-4206-b70c-41f647f9498b
Quenton Jackson,8,268.35,2916816a-1e08-43ef-953d-a81bfe3503ee
Liam McNeeley,63,266.73,ba22d012-f7ce-4a1a-873e-d6c3ccf7ae5a
Isaiah Stevens,63,263.12,27b14c86-8f8d-4cd8-a8ec-bb051cd871bc
Jackson Rowe,27,261.01,87777cd1-2099-4edd-8256-f29343fa0fd4
Jonas Aidoo,62,259.38,18e9a256-6619-4a10-a5dd-2c89bb7cfb0a
Chase Jeter,55,253.53,ea3ac175-ec80-45da-aa31-7c38b04c7657
Ruben Nembhard Jr.,116,252.22,27574eb5-d76b-4147-882e-38f3edc014b3
Hunter Cattoor,14,250.65,3b01bc5d-08ef-4a1a-afff-52c5c9f81849
Patrick McCaw,21,250.57,ff42a38f-89ef-11e6-bb23-a45e60e298d3
Jon Elmore,66,249.24,65bebd10-aa65-48ec-845f-2efcb122287a
Eli John Ndiaye,12,245.92,541d7cbf-04ae-40eb-9401-fc9f1fffdcf2
Nate Hinton,152,241.76,2827a99a-9a36-4b8d-8ca8-e77e9771b69c
Koby Brea,26,241.24,e2c4bc9d-2cb8-49d6-962a-07bed124b6c8
David Muoka,120,236.00,c5a7468d-b9c2-4814-a823-b9bf4a58358f
Dariq Whitehead,62,231.30,9f8b2ee3-8cc5-4a92-aeb9-c8c52d6e37a2
Charles Bassey,109,230.71,089bae1f-5cd7-438c-8ebb-061918727a25
Dalen Terry,14,229.38,8fc64d15-1d47-47e1-bb04-d03f75dccc5a
Pedro Bradshaw,28,228.34,881e8c41-f4cb-44fa-9caa-782d1e294daf
Paul Zilinskas,29,223.32,fb3799f7-55e6-46cd-8dba-16e86ee83d37
James Akinjo,30,223.03,889010b1-1e41-4488-97c5-030be0d70083
Efe Abogidi,169,222.86,2a962d8e-05d1-4d9c-ae45-e128f2ae9c81
Marcus Burk,28,222.08,017ced69-5d96-4160-b064-3a051a5c9efe
Micah Potter,59,221.69,1e89c60d-b20e-4499-aba4-b13dba295a52
Phillip Wheeler,191,209.04,3d20e735-543b-415b-835b-fa80295fa157
Michael O'Connell,17,208.84,e4133038-cf2f-4227-a6d5-566eb968a245
Omar El-Sheikh,34,206.48,bdfadf82-2b4c-44e8-ae46-a6e3c9957744
JD Davison,32,204.83,833b573b-1366-463c-92ea-56e7718c0dc6
Sharife Cooper,58,204.24,2d470912-d9ac-4456-916c-372fc4c84cdc
Jamir Watkins,18,201.85,84ba6ce6-9c37-4225-8f84-14a5cbacea65
Taylor Funk,43,201.17,951413b1-0a17-4edf-841a-5ca7b9a2c275
Ja'Vier Francis,161,198.14,426de6ba-834c-455a-8c94-9656ad089275
Cam Carter,88,196.85,a183c842-9603-4691-9abd-612235152ad2
E.J. Liddell,77,196.21,f76c835b-10f6-42aa-aafe-3c87b5be8866
John Poulakidas,14,195.23,12bf97f3-6476-4443-af11-5228771faf66
D'Andre Davis,48,193.76,93c1ccb9-a43d-42a7-a037-b8d2057acc02
Aaron Scott,41,193.65,800b6f8d-e4b2-40c8-9891-40fa3f84efc3
Elijah Harkless,68,192.36,629588b6-9560-45b9-ae52-ff90c299fc4d
Ace Baldwin,8,190.78,6ab19369-4aa1-4aa6-8274-b595ac8902be
Matthew Moncrieffe,62,187.75,3d0d89b4-df1e-43a9-9870-4329d5e8161c
Christian Shumate,165,187.64,40ebb929-1947-4008-9cdc-046aa3a4bd87
Chucky Hepburn,26,181.42,4ac4a0ab-ea85-4870-8bd5-9670073a3df4
Trey Townsend,17,181.10,32735ab8-9eea-40c1-93be-395428840de8
DaJuan Gordon,129,179.39,b7cd24eb-bd7e-4dcc-99a2-7236606d1541
Symir Torrence,23,179.10,6779419d-662d-4a38-b2ea-cb8e012eed8f
Leaky Black,71,174.32,baf1b89d-5bf9-44d8-ae08-43b643b89914
Rahsool Diggins,8,174.20,6404e275-f55f-42e5-8d36-cddd1661c335
Javante McCoy,93,173.76,fac10e71-d936-4a9b-b017-2e3b743f9833
Ben Coupet Jr.,55,172.85,8c1d8070-eb6a-44ee-bc37-0a07ad5267fb
Tyler Kolek,13,171.64,40faa5df-7ced-449d-bd12-300a2938370a
Chaz Lanier,24,167.39,3ff2c55c-8857-4cde-85eb-a42b87da7dcd
Dakota Mathias,10,162.61,9f1f34c6-66d2-4093-9328-d2fffffb97d5
Emoni Bates,11,160.62,9f1d3f5e-1bf4-4a41-81f4-516081353643
Branden Carlson,11,160.43,c401774b-397d-4c15-93a0-592eb4752dac
Stanley Umude,97,157.47,73712bb9-3143-4176-8eb3-cef6d45e9f92
N'Faly Dante,5,156.31,d6eaf02a-27a0-4e40-8641-632e8d39f965
Cody Williams,14,156.23,8b49e58d-df58-4e21-b984-2bda3ce246e6
Jamal Cain,31,154.94,f42a8b63-1ab4-447f-b74f-be293fc58e99
Jacob Toppin,25,154.12,9e0abf37-2963-4f62-b8f7-104fefa58273
LJ Cryer,14,152.78,51c89cc1-c192-4e07-878a-436ad5c2c70a
Omer Yurtseven,26,152.68,6811ad75-3527-4bfc-b0bc-8fd46ec62535
Olivier-Maxence Prosper,18,149.84,28df8a9e-306a-47ee-bb0e-55b9ea87d542
Warith Alatishe,138,147.33,ef3f7448-40b8-4701-8feb-456aaa4d1c6e
DJ Rodman,23,146.79,18ec54f9-3c06-457d-a0c8-04f2aa513754
Oscar Tshiebwe,133,143.86,9234048a-d7a7-4f77-8d48-3b95b6365ae0
Colby Jones,22,143.17,80ea0675-30db-4ebf-b37f-eb50552e8d0e
Jordan Bell,15,140.01,07a35d50-2dd1-4476-a9ac-b6e7154ce069
Terrence Shannon Jr.,4,138.44,94d35dd4-a4fe-47ae-a856-cd0d5b1193a9
Nate Santos,60,138.33,5d98e4d9-9d4c-416e-896e-662ef6de036b
Nique Clifford,4,136.76,329049aa-89c8-439b-a0c3-dc93d3609931
Cameron Matthews,223,134.25,2b3321e5-dc2b-4c37-9ee5-36336690c3ec
Hunter Sallis,109,133.83,6d6c60fb-827b-4b00-9033-8fb8a4fb0f32
Miles Kelly,65,132.63,8e41f240-6f89-4f54-bcc5-534112efd3c2
Dalton Knecht,21,129.78,b8da7ce7-11b7-4a94-acd4-f309bf4b6333
Cameron McGriff,54,124.65,55ec130c-b918-4d9b-9fe5-9b79a5f370f2
JaQuori McLaughlin,22,123.45,a05930e9-6846-4c42-b5d6-f859b92d97fd
Reynan dos Santos,45,123.03,e3cdc093-14ad-4686-ade9-7fc70c5a5a88
Brandon Slater,22,121.90,eb81af0f-e8c9-4a55-a018-bb56cbc130ff
Sean McDermott,67,121.31,b5d46463-618d-4328-a3ac-31239ed7af7e
Lance Terry,18,120.70,2c5a45b8-029d-4556-9186-221becde7ae7
Johnell Davis,36,119.44,7ddd09bd-a98c-468f-ac39-239c33fe8d79
Dylan Cardwell,71,116.40,fb79aa4f-8468-454c-80db-1768d95b4e42
Nolan Hickman,47,115.46,b8b01afe-00df-407e-b0ee-229eacce163c
Zeke Mayo,38,115.27,2aa9c687-ca9d-4478-a2c7-8f2797b308b2
Cam Young,23,115.19,f61521e8-e7f3-4526-a0fa-efedc3c820ca
Leonard Miller,5,114.05,0eaefaeb-b40c-4fc7-9086-902dc1ab2254
RJ Felton,60,112.16,a593fa2b-cb79-4f8a-8139-bba7a2133f2c
Caleb Stone-Carrawell,5,110.18,c0ac23b6-44cc-4fe7-8a81-560c7fc1003d
Lucas Williamson,45,109.27,f0ae386a-6794-4f37-b447-84822aa60c4b
Caleb Grill,34,104.32,bbae8544-616e-4d08-9a98-a20e5d47e694
D.J. Carton,120,98.46,b902fc9f-4b1a-417f-8af7-bfa5c66c95a3
Nathan Mariano,8,97.58,6e090c81-2a42-43d1-9e4e-bd5a04f09b10
Rasheer Fleming,29,97.42,4639f41a-c88b-4cf0-91c2-c36d9d4c1e5c
Brian Taylor,29,96.97,ef62751a-0816-46fa-9160-054ef9ec64e4
Nojel Eastern,58,96.91,b2251f82-7770-4e0b-994d-c33ff4a1b39d
Sean East II,70,94.55,673bd14c-085f-4173-9211-d62ae307b0e3
Cameron Smith,5,93.02,bd762247-fb20-496c-af57-0abcde142d02
Drake Powell,9,90.02,ed72fbc9-1066-46d8-872e-9a437c4e536e
Teddy Allen,126,89.50,03318058-7f1e-4d54-a8b4-cbaf7e836a78
Kadary Richmond,122,89.21,5f0c2302-aaca-4ac1-b70f-f25abbe14186
Christian Koloko,13,87.65,efbab460-ac97-49e1-aa9f-6e7da27ab2df
Markelle Fultz,20,86.43,1114f266-df53-4313-b425-0021dd87864b
Jahlil White,23,84.73,e21b31ea-a8e5-41ad-89b1-72a56bdf59e1
Cheikh Mbacke Diong,9,84.35,7efefdc5-c8ee-4221-ac12-a35549517aa2
Erik Reynolds II,17,82.71,f3572151-dba9-4dc4-a48a-792e17a3180b
Esteban Ezequiel Roacho Amador,14,81.58,2d23e4fc-8b5f-4131-af0f-83b0ae3a2c69
Derrin Boyd,6,78.12,6dfc6fb5-d921-403b-b590-c1c4c3e900a9
Maxime Raynaud,3,77.63,31a1e47b-7784-4021-b7f2-31e4ef972892
Tylor Perry,4,77.03,0b9ca9bc-f567-4768-9cc5-5e42d6fc8dce
Marquis Barnett,12,75.53,7edec21a-68b6-453a-b51f-2e3827a52d7d
Obadiah Noel,13,74.94,ae301693-1228-4496-9f09-3dede6e84191
Adou Thiero,57,71.38,9b945fc0-d3bb-405d-bf43-95c6e7d7e87b
A.J. Lawson,156,71.35,ed39e2d6-ce65-43e5-9ea9-d579d0526a1f
William Hickey,2,70.98,5673cf85-4703-43f8-b541-dd3923d4c42b
Antoine Davis,3,70.92,cc05d44b-5260-48a3-b9b6-61ce282a67c0
Taylor Hendricks,20,67.98,91ee33ca-2f8a-421c-8a4d-b0f98d5bc54c
Dwight Murray, Jr.,49,67.50,7880b823-77c5-4925-a287-1af2424a923b
Feron Hunt,13,66.74,5210db69-14a3-4c9b-ad2a-62c349f4ac65
Caleb McConnell,75,66.56,9ea29be6-8741-4b28-9a3f-b73d1919c900
Curtis Jones,63,64.44,69489a71-b1eb-4fde-b687-6385e03c1e49
Pierre Crockrell II,13,63.45,1a254905-e1db-43b8-9f5c-b1bf4e663150
Julian Phillips,22,62.60,76ada8a1-6ec8-4915-b57e-fa234b1f2788
Chandler Baker,3,62.17,db071247-1883-4852-b647-0b794ee7cdee
Justin Jackson,25,60.79,0867f70d-4848-4664-82fb-db397233e78f
Trevon Duval,4,57.09,94ca1f88-1f26-4d28-aeba-c686a5dde5e2
Nick Jourdain,133,55.99,1faa4121-7c60-4b48-91c7-217d64555324
Tyler Smith,122,54.13,b701694c-6da2-49de-b9a7-ae092466ce67
Craig Randall II,22,51.14,57c94d1b-101e-4b0a-afc5-d9716233e92d
Cam Christie,6,49.78,8a68ba44-d87b-41c9-94f3-c94e88cb37a0
Giddy Potts,6,49.71,7ac29d25-418d-4bf3-b302-cda0f4aa7cae
Adama Bal,16,49.52,3559f9a3-9132-409e-a701-a4c5757cb325
Trevon Scott,116,47.48,fc067294-4b2b-42aa-bea6-88cda36ce6d2
Carter Bryant,4,47.46,18dc7187-8fc5-47bf-9779-e7a7694c498c
Mohamed Diawara,4,45.82,cb172f69-5e77-4552-a43b-b2993cb7f689
Eric Ayala,11,45.57,0ed3aa02-c44c-4b25-a16c-d448d88b92ea
Hayden Gray,88,44.90,e901ec95-f7cf-40c9-af32-8dabb981b3cd
Noa Essengue,20,43.23,fe09888e-ef47-4152-a457-e6f4e04aee54
Geronimo Rubio De La Rosa,5,41.82,5bc79052-06fe-4165-bc0d-7121fc331302
Michael Caicedo,2,41.79,315d7d14-0a97-43d5-bbf8-4b59a0938e21
Jahmir Young,139,39.83,dc80c41d-ab1d-4aa4-be9f-8830d7e0dd62
Walter Clayton Jr.,6,36.82,ae81ff91-c142-4a68-b826-4ae75af6a94f
Trhae Mitchell,41,34.37,d98ecec8-9937-426e-ba9a-e019ec88d94f
Jahmyl Telfort,76,30.66,f7cdd34f-d626-4902-b05a-e39f9ae32dd4
Javon Freeman-Liberty,17,27.79,a28cdf29-f659-4646-b964-87ec3c295ae4
Terry Taylor,36,27.50,0852ab90-243b-4951-bfb0-c536f151cba5
Au'Diese Toney,76,26.61,a127ee52-bbec-46b6-990c-93a2c3d57b87
Zach Hicks,3,26.20,8e62f792-31da-4509-a4a8-d0bd4144b94a
Jonathan Pierre,21,26.19,94306db4-8243-44b3-9f3e-eb1dd9e258b7
Jaykwon Walton,20,26.02,59731b4a-481f-4699-a3fe-f39676cc079b
Tommy Bruner,3,25.11,9819211d-c92e-4802-8be4-018f1efe7932
Nana Appiah,3,22.13,7ad88c05-18d7-492e-9c41-30b2f77e3266
Cameron Tyson,1,21.98,18ede5d3-f2de-4f9f-a9c3-ffe37ac43566
Terrence Hargrove Jr.,71,20.69,06c40ea5-9150-470e-8f6a-7cde4a102ef6
T.J. Weeks,1,20.24,7d91ff01-e290-4fe8-955f-093a15c1d3b5
Tyrese Proctor,4,18.23,27207fcd-251c-4d7b-8d11-48823d8dab1b
Jazian Gortman,18,18.06,dd6ea48a-5adc-4411-bead-f2cf2861a9ce
Mason Madsen,3,14.79,d745163f-0ba1-4894-9467-cb7553e99081
Jamiya Neal,2,14.09,bd101cdc-8e04-424a-8c61-034c93ff6be7
Keion Brooks Jr.,147,12.54,088649fd-bea2-4353-a931-850c918b0337
Garrett Denbow,5,12.08,13631116-cd60-4bc0-9a41-6fed5d44b41c
Devin Carter,21,11.49,8a8e683b-3939-4208-b55c-bc9cefe13a54
Steven Richardson,21,11.42,1baa93ad-ae20-4faf-b428-11c4aac33778
Ibou Badji,54,11.33,9e3a3a92-a664-48f7-97d2-0f8f27735dbd
Kasparas Jakucionis,34,10.84,f4881a74-343b-4005-b701-3f53c512aba6
Bryce Thompson,79,8.45,cc61028a-3c21-4917-a6fe-607bb4085636
KJ Simpson,49,7.60,1287087b-e6ba-41f9-b2b5-a3d2d1c8d682
Keshad Johnson,29,7.38,c5cb7e86-5c88-4bd2-bf14-22a65e7bd094
Josh Minott,2,0.20,3dafdc09-40d9-4934-b9c9-8be3bd3eb90a
Miller Kopp,41,-0.97,817c559a-6812-42ce-8373-1e8132f3b917
Elijah Pemberton,1,-1.06,0fd95fbb-b175-40e4-a6c7-4864b5678d6f
Toby Okani,76,-2.25,a6c4645d-9238-44cf-92aa-fd318ebb8ebf
Keyshawn Bryant,67,-2.87,8bfb0e3f-2c04-4dd5-ab0d-c7bf453b1ed5
Adem Bona,7,-3.78,df125bae-eba5-488c-b948-9767e7090d40
Max Klesmit,4,-4.13,ce1fc58a-6a2f-40f5-a83b-c0acdcdf2e01
Davonte Gaines,3,-6.26,6e74a308-26d0-4ebb-b5f2-5a0dbe334f86
Jaden Seymour,2,-8.43,667eabca-780b-45aa-8d74-a3418e732e81
Jabri Abdur-Rahim,18,-9.29,5ba18e46-b710-44bf-8369-1185adf0ce77
Marcus Sasser,2,-9.38,5fc1833e-3993-49a8-8970-87ad09b61dff
Steven Ashworth,8,-10.20,63e0883f-eae7-4a6c-ad8f-c7670247241e
Bronny James,44,-10.95,ec9d7a06-798b-45e0-8eae-a5bfdd92f0ba
Nolan Traore,29,-13.46,4b2dd1ee-169e-4af4-9877-1e600ccc1ac5
Ethan Taylor,7,-14.14,b4569bbc-b31d-4504-a59a-fe40691d1d00
Kam Jones,19,-14.17,93ff04cb-5390-4709-a521-c7ce58713f31
Javon Small,6,-16.13,6b98a36d-b1bc-4b68-bd5b-0671580d44c4
Jase Richardson,9,-16.26,1cc4e557-6ed1-4db5-8816-1c00724e5554
Manny Obaseki,89,-16.90,e4cdd91f-718d-4c35-95d1-b3aa28ef79b5
Noah Penda,7,-18.65,8257785f-b06f-4feb-a7c3-c58c4fbf99d7
Ileri Ayo-Faleye,1,-18.93,8419ad0c-1d1b-41ad-a04b-4d8bd3aff0a0
Hank Morgan,19,-21.69,29d938d7-ce0a-4aba-9b2e-b17b2e8d8ee5
Malevy Leons,146,-23.77,a6b91d1a-7a93-4bda-8562-d762d1f5ad47
Stephen Mitchell,31,-24.63,1d1c157c-d6cd-492c-8ac1-aca3b6d6c04f
Lawson Lovering,105,-25.00,ee296dd9-8d26-420c-9aa1-271f6b6a2222
CJ Fulton,2,-25.40,e2d1008a-5cc8-4a4d-9f54-0bacfbd083be
Wooga Poplar,27,-25.75,b3aaee9c-4272-479b-9fdc-7b99458903ea
Elijah Cain,2,-27.75,2ce0583b-9426-44be-820b-de29934964ee
Yuri Collins,22,-28.45,7a58adf5-73d4-4f5e-b042-6ab0d8862313
Vernon Carey Jr.,13,-30.71,9dc84f16-116c-451e-a191-b54f210fecbe
Trayce Jackson-Davis,24,-30.74,1991b894-8a5e-4744-a72d-9bd7cb7663c3
David Roddy,110,-31.18,ab0a4d97-fd7b-40d9-a72f-b2a862039584
D.K. Thorn,1,-33.72,ff225902-3cf1-4d77-8ed5-cacd2aace2e8
Isaiah Todd,6,-35.22,1dbb419d-3008-45c5-aade-fb964248499e
Jamison Battle,2,-37.14,74f1f473-4fc6-4175-bf32-f1f99de73ef8
Ray Williams, Jr.,1,-38.13,5b0bdabe-6c41-4fef-bcc7-518987c7451a
Tony Carr,1,-38.64,4eb5e112-86bc-45b5-a081-deb3f3aa0b67
Olisa Akonobi,5,-39.48,a623abae-de32-4858-8b44-1eaebb33f0a8
Jae'Sean Tate,7,-39.69,80383c81-b671-4a11-b003-ae08fba34eb8
Micah Parrish,20,-39.95,a233b4d2-746c-48be-9d0d-ce655385c605
O'Mar Stanley,40,-40.60,c35585ea-5c0e-4c72-bd00-07eceb71ee47
Jaden Bediako,2,-41.86,d22cb3b8-91ce-4a2a-bae7-a358a426a9af
Alex Toohey,1,-43.70,ac601971-3fa2-4aff-940d-0f5fa3745d0c
Nick Smith Jr.,18,-45.46,b2d1fbf7-72be-4469-b0c2-db6677a145bd
Dwayne Cohill,1,-46.62,28c78fcb-5cfa-4d69-bf2f-416eef831e04
Tyson Etienne,37,-49.79,316deed2-3f6a-4c1c-9508-2dd0c937cd4c
Alejandro Vasquez,5,-51.31,146e6f60-9f61-4669-902f-1f985d239c46
Jahmai Mashack,40,-53.79,f851dd8e-83fb-42a9-8b76-cc5afe5350fa
P.J. Hayes,1,-54.48,659ecb80-2665-4645-b890-ef69b738b5e3
Ray Harrison,3,-56.65,57be9a58-9fec-4727-b978-d75c7e33e914
Ryan Nembhard,14,-58.57,f43050bf-10e7-4919-95a0-272b4c616687
Mitchell Mascari,18,-58.97,fdc935b9-0c73-4ca7-ba6b-f3b5aa1f2205
Joan Beringer,76,-60.38,325d465a-ead8-4773-875c-a3fd83d18f23
Desmond Cambridge,33,-61.98,5f4ae0bb-b9a5-4c83-8441-1e627500c265
Chase Hunter,49,-62.64,50fd1b80-b17c-4168-9cd8-b67adeef9040
Donte Ingram,59,-65.75,1034b6f9-7fc5-4f5f-94fa-2ab920658dd3
Issac McBride,3,-67.50,e98d2d7d-61a8-42e6-9c79-f1c3d6667ec9
Kylor Kelley,120,-67.64,08d8e7a7-6e98-43fb-808a-803728ffe738
Devon Higgs,14,-67.66,72b7a0bc-f1b6-4996-89e8-8c6535bd71c0
Trentyn Flowers,46,-69.43,c917a1b8-8537-4dbe-91bb-c8e376d71ee4
Jalen Crutcher,54,-71.30,938ea26e-95ff-4f3b-a385-a965af8195b4
Vance Jackson,3,-72.13,2a70adf2-b7a5-4028-b567-a3b18585a709
Johnny O'Neil,52,-72.26,266b9ca1-6596-4d2a-947a-0f602c0af725
Fousseyni Drame,5,-73.84,0870aa3a-22ad-4cf6-8f45-cbe6ca3f7e75
Tyler Burton,120,-76.97,382afece-e02d-4ce2-92ac-92b1d2333d2c
Vinicius Da Silva,13,-79.16,63049d09-0880-48ee-af08-c8f25b874237
AJ Johnson,63,-79.31,2b0ac9c2-0fa5-4ee6-9881-03b737e11dc3
Malaki Branham,34,-79.80,13030bd6-e3d6-4e2a-9685-88300bc4ec5f
Jalen Bridges,92,-80.49,1c7e1fdd-3a9d-4509-b079-a329c993e9d4
Josh Cohen,5,-80.80,e74d5547-334a-49c7-b5e5-a33913f3596c
Myron Gardner,23,-82.30,8de6d5bf-730c-4c48-8f00-7f9da72e979e
Cameron Martin,19,-85.81,99e062a8-b28c-47b0-9682-92a5d2461cd1
Robert Woodard II,1,-87.62,9bedc1b4-449c-42cb-b9a2-9b0cd3596329
Ryan Woolridge,125,-88.10,a4f5f591-7988-4761-b96d-5efb627bd420
Ricky Council IV,17,-90.91,9027d4b5-4d3d-4ee2-98cd-3d105aa7044b
Nathan Missia-Dio,9,-92.19,ef69e667-2cb2-4590-bb9e-561480e2abeb
Gabe Madsen,72,-92.80,7e84815b-7663-437b-8751-28d60ef2c65b
Kobe Johnson,88,-97.32,9f123592-d747-4a41-b903-ad6bcb6ac751
Jamal Bieniemy,6,-99.27,5659992f-2487-47ce-83f7-baedce2a090e
Evan Gilyard,19,-104.68,0f656aa8-c62c-4fad-ad9f-3442cdc15e50
Isaiah Roby,84,-107.10,19602b62-cfbe-4d35-81f5-bc244327960e
Jaxson Robinson,31,-110.37,e7e970a3-7025-4ccc-b0f7-271f94238ee5
RJ Melendez,153,-110.48,090cc6af-edb2-4cf8-a374-9b90193c330d
Blaise Threatt,9,-113.77,7bf581f6-845d-4d34-9460-f09f129eb841
Marcus Bagley,19,-114.01,a39bf7f9-11fd-434e-9673-4a184061ad7d
T.J. Warren,27,-115.23,ff401666-89ef-11e6-b554-a45e60e298d3
Jarron Cumberland,34,-116.21,46d86ca8-8056-40c4-8024-2ba83293aa17
Terry Roberts,48,-117.50,6b0963ac-b00e-46cd-94e8-e60dc3238718
Stefan Todorovic,82,-121.99,a0dbe31a-75c6-4777-a920-d506c5633bdf
RayJ Dennis,130,-122.74,5c2a5944-cadb-4619-8b0d-04338c63a470
Deivon Smith,78,-122.79,9ffb6f28-8fa0-4650-bd30-47f8aa7235a2
Jamal Mashburn, Jr.,8,-128.69,e2dcfe4a-9e16-4ab8-8eee-e15ca0db6eb5
James Reese,2,-129.14,26f760b4-f286-403c-ae5b-8c4a2f2810ff
Jayson Kent,149,-130.91,dc854637-bbf4-4710-94b5-8c953db3ce27
Jeremiah Tilmon,75,-131.17,285400dc-29c2-4d6a-83a0-5b87049c14f0
Bobi Klintman,65,-131.24,61c18542-cf37-49c7-b486-337bb809d326
Yanic Konan Niederhauser,54,-131.98,c4c0b9a3-5f7e-4611-977b-e0d73c08a29c
Damari Monsanto,25,-136.82,63a42b38-d8f6-4214-aa03-cb4263b02a9a
Jean-Jacques Boissy,4,-139.87,3cd15c37-c35d-4061-82f8-728bfefd34c9
Kobe Brown,7,-140.96,751e59b1-45ae-45f0-bc03-01f6c87520a5
Kario Oquendo,5,-143.37,1ea004d3-81c8-428e-920e-2fde02ccf379
Kellen Tynes,9,-144.78,83a05254-611e-4587-a927-613bde48b6ba
Jared McCain,7,-146.09,eb79ea6c-b337-448d-ac33-7e92219822ef
Lahat Thioune,25,-147.51,81875c9a-a727-4662-bd59-5ce020b80d6a
Taelon Peter,37,-149.81,c870f7e6-686b-40b6-859c-ced3b397cbd8
Alex Antetokounmpo,59,-152.29,34a56ad4-cc65-4406-9566-ff884e10c7af
Kaden Anderson,29,-153.25,d3403310-4ad2-4ea2-9072-623f9adefc8d
Onno Steger,3,-157.18,f033b782-7e16-4a10-b000-aff290ea4400
Paul Watson,37,-160.90,1aae577a-f08a-437b-81ed-160d66e586b9
Riley Grigsby,21,-161.01,5b7fafbf-2163-4b93-a29d-fc83e9946914
Tidjane Salaun,63,-161.10,abc5b21b-f2eb-40cb-a9e6-6eb5abeafe60
Aminu Mohammed,101,-163.84,6abaacf2-5a3c-4c72-b19c-2a645dd84022
Darius Brown,96,-168.09,b7ae8764-a482-4551-82ac-7a91c8292e4b
Philip Alston,17,-168.55,f05622f9-9133-4b26-8fce-07c056dbcf6c
Ebenezer Dowuona,18,-177.48,d435507a-b78e-4251-8feb-ad8c5d01dcb1
Nathan Mensah,9,-178.19,af5b863f-7d13-40f9-83f9-38f87c76098c
Ray Spalding,8,-179.04,ef25a4fc-8a16-4dd9-a1fa-e236cd842a32
Tyrese Martin,10,-179.85,1d3ff68e-d714-4f70-b952-02cf2252e990
Rayan Rupert,14,-190.49,f99ade9a-ec49-4d41-b7f8-7e1b16c9ed79
Jaden Springer,94,-191.59,8a1c8d1a-13c8-487e-b85e-6b10ecc1d39f
Steve Settle III,85,-192.49,f52af8fd-29ee-4aa7-9c70-e211a5d73a12
Jason Preston,36,-194.23,b609ade3-6177-4d12-8f4d-e717beb97f97
Ahmad Caver,39,-194.69,b37bbd3b-102d-42c2-9bfe-7874d64e9068
Luke Travers,81,-207.58,ef24e628-6674-47d2-8fea-a8ceb61e0fb6
Keon Johnson,45,-208.61,7cfacef2-8c7b-41e7-9df3-4a570a6de468
Jaylen Sims,90,-211.59,4e475993-d453-43ef-a5dc-52e715e3e5db
Wade Taylor IV,59,-212.16,d809ed56-e0c4-48ab-9cb2-e6e94a8c0842
Olivier Sarr,162,-217.25,584a880d-84b9-40fd-876e-852044392606
Payton Sandfort,25,-219.80,54f7a3fd-6e94-4630-9ca3-e05af980008d
Kevin McCullar Jr.,44,-221.19,1ebb0958-b242-4b10-a0cb-cc3182f35814
Gabe Levin,181,-223.61,154a9e91-a046-4e1d-bd25-0fdf6dc87f45
Dajuan Harris,17,-225.36,51b4a0a5-880c-48d7-a342-2b25ec6cc206
Charles Bediako,41,-227.03,40e03646-000c-4ccf-a366-50f9477583e5
Justyn Hamilton,44,-227.41,7be325aa-4951-4bc9-948d-d4177d4cbb1c
Kalib Boone,69,-228.24,57657681-6e1c-4701-8298-93f30846effc
Boo Buie III,66,-232.94,2327ad6b-a87c-4b5c-8dbb-c64690426e98
Isaiah Hawthorne,30,-243.72,e186218b-ea58-4542-af85-ac121949c255
Franco Miller, Jr.,52,-244.02,d681a7cd-c0ad-4497-975c-f750b762a74e
Caleb Houstan,33,-247.76,0ac0ed6b-ebe7-4dcb-b924-c14e31262efc
Lacey James,60,-248.08,04c6579b-6a42-4b88-944b-6cc896241e84
Mouhamadou Gueye,205,-248.24,cc3ddd0b-2be3-4043-a3e9-7ae15f6e1ab0
KJ Jones II,49,-250.88,b34e01c3-fde9-402e-a381-1abc45ea21fb
Felipe Haase,30,-259.21,a03683d7-864f-4a20-ba32-5a8d3263c1fa
Buddy Boeheim,18,-264.64,b19737e4-2806-4548-b14b-2062175fb05e
Seth Maxwell,26,-267.13,12d95e3f-d714-4300-978c-245c9d0f302c
Dennis Smith Jr.,70,-270.04,4a0f330a-e571-48c4-a685-f82c9436c964
Quincy Guerrier,80,-282.47,e7a09800-4dd6-4745-8dc3-2bb848800f9e
Alex Fudge,135,-292.99,1f5a0d41-0c51-4353-9d7a-503196852e33
Augustas Marciulionis,39,-298.78,89ff2dfc-818b-4d2a-beba-efe0422f6d4c
Dereon Seabron,113,-317.31,9cd83bc4-5c2c-4f4d-ba20-8fc69a4cfa8a
Romeo Weems,76,-323.92,9920a386-699e-42ad-90ac-8fb89d78d1f9
Trey Galloway,44,-331.95,8303a10f-1748-43ee-9c4c-59abdffdaf87
TyTy Washington Jr.,72,-336.82,0b1c2f8c-380e-4f07-85b0-3b5ff4650d00
MJ Walker,52,-344.43,2733a0f6-5816-47e9-9972-a4f253f15038
Malcolm Hill,80,-375.20,99f046d4-e2fe-495e-92e9-472b6f6a9c22
Yuki Kawamura,25,-378.30,3d921f8a-1119-4e42-be46-c22ae84d5f58
Tre King,38,-384.24,2928912b-dd61-4f60-aa20-a01d295e03d6
Jermaine Couisnard,16,-388.85,395250e2-3fc7-41ec-b3e5-be2b920a6458
Igor Milicic, Jr.,93,-394.09,96e51137-1852-4b4b-8809-7d07d81b22a8
Tevian Jones,57,-414.19,1d44afa0-7106-441c-b8ed-cc5e216e866b
Sean McNeil,33,-416.63,4f71e857-f644-4dfc-9ae8-65416c90df71
D'Moi Hodge,77,-420.39,4fca8d39-a522-46f0-b222-226b8180e35a
Matthew Murrell,87,-425.81,42aff9d8-9839-4949-ac9d-97663c8eae23
Garrison Brooks,38,-428.75,146c7c56-b7ad-4925-8a9e-93d2c5db55bc
Jack Clark,101,-467.31,baad4031-1f9b-4e88-9ac6-9c40ed79d7f3
Martez Brown,99,-474.97,15a40435-a0cb-41f5-8680-120339364fa1
Mark Armstrong,119,-479.75,3bc6f704-0fda-4f85-a681-a41d1178948b
Kameron Warrens,56,-487.75,14a1175f-1e82-4a12-9edf-f9445dc58270
John Knight III,141,-501.74,534e334e-2adb-4b8c-9614-8552f0dc5f6d
Daniel Batcho,55,-504.55,72e13ad0-9840-41e7-b88f-ab295ef762fb
Liam Robbins,86,-509.75,831eb28e-7713-4fbe-bf6b-dd0e1e20b1f5
Derek Ogbeide,145,-510.31,4f5b0cc7-0740-4ebb-8b37-c464b1f421f3
Jacksen Moni,44,-512.23,b16076ab-b7f1-4f61-b1ce-87471a1be027
Matt Cross,54,-513.92,8b71b1ce-93f8-4cf0-9099-64c91af44202
Ben Saraf,74,-563.31,f92bdf23-732f-412f-9b84-9c088cd9474b
Drew Cisse,128,-569.52,4943e7dd-a830-4c29-bd39-a8b168bf00b9
Dexter Dennis,127,-572.83,b9d78738-9b74-4fdb-9c3f-bce9cb72377a
Kyle Rose,58,-590.49,c7fe17cb-17b0-4fe5-bfde-60cdce624f03
Dink Pate,157,-594.55,dc8f2d40-88ec-44ef-b6ef-09404a5d49cd
Trae Hannibal,27,-602.28,636fef85-a117-4abd-96b9-a45df0f16b53
Zack Austin,65,-641.18,cdb9a6bd-2259-43bc-9209-03da5b72234b
Jordan Hall,43,-716.11,4b98be48-a61f-4372-8f5d-25f914555a83
Viktor Lakhin,63,-753.92,386162d7-b5e6-4aca-9174-cfba1382d491
Andersson Garcia,178,-757.53,9b93509f-b8d1-4066-ba4c-6338fed2a84f
Kessler Edwards,78,-760.41,0dbaa8bb-491d-40b7-ad09-f4605dda699c
Max Shulga,80,-767.56,be819393-353e-4c46-b682-d2ee0d11e736
Kendall Munson,125,-792.09,11a2c3b6-617d-4889-ac4c-dc3821c6375a
James Banks III,112,-832.89,f4a998d1-4507-43b9-91e3-832dde032d54
Kennedy Chandler,154,-856.41,90cef14e-ebcc-4a00-94e1-b06d8ca04701
Abou Ousmane,160,-997.44,585d08a6-4aa1-45ad-81f0-76cb2c579ab1
Jordan Minor,153,-1032.73,ec389395-e86e-494f-ae34-b2b08a74437b
Daishen Nix,267,-1441.62,06212573-e2e8-4bfa-98cd-4484063dead1