Shooter,Shots Attempted,Shots Attempted Per 100 Possessions,SSI Player ID
Curtis Jones,415,13.647,69489a71-b1eb-4fde-b687-6385e03c1e49
Lester Quinones,414,13.560,e4c6a53d-37a8-4278-9230-5a9d9ccc6d02
Tristen Newton,396,10.691,ea2c60f4-30d3-4154-b99e-b907b24658bf
James Bouknight,379,13.215,a4bca3d5-c8c6-408f-a4bf-22453062b4b9
Jalen Bridges,378,11.728,1c7e1fdd-3a9d-4509-b079-a329c993e9d4
Dink Pate,378,12.123,dc8f2d40-88ec-44ef-b6ef-09404a5d49cd
Jaden Shackelford,363,12.198,dfffb2fc-160c-41a4-9a75-af0a21d2ba76
Jalen Crutcher,349,10.430,938ea26e-95ff-4f3b-a385-a965af8195b4
Max Abmas,340,11.980,23961594-cb8d-4560-b709-2ace5a6b16a4
Daishen Nix,335,8.972,06212573-e2e8-4bfa-98cd-4484063dead1
Jules Bernard,334,10.331,7c2fd9b6-9749-4ca1-8d58-b773ff9223dd
Dexter Dennis,333,11.439,b9d78738-9b74-4fdb-9c3f-bce9cb72377a
Stanley Umude,329,11.899,73712bb9-3143-4176-8eb3-cef6d45e9f92
Koby Brea,329,14.012,e2c4bc9d-2cb8-49d6-962a-07bed124b6c8
Blake Hinson,321,13.724,64b12646-2555-4dd0-98eb-cb169b3ee58a
Sheldon Edwards,321,15.954,8d385c74-6c2b-4704-ad41-8e5519b11012
Dane Goodwin,320,10.031,83cf7787-d441-4c3a-b5de-a2b2a623350b
Mac McClung,315,10.217,d9671fc0-754d-4cd1-b61d-2f6526c31497
Caleb Houstan,314,12.911,0ac0ed6b-ebe7-4dcb-b924-c14e31262efc
Javonte Smart,308,12.566,a340ee6f-51b2-400d-8c06-295617b4c779
Sean McDermott,305,11.686,b5d46463-618d-4328-a3ac-31239ed7af7e
Trevor Keels,303,12.105,58189b84-2563-4034-984b-e61021022c4c
John Poulakidas,303,12.916,12bf97f3-6476-4443-af11-5228771faf66
Boo Buie III,298,10.708,2327ad6b-a87c-4b5c-8dbb-c64690426e98
Jack Clark,296,10.386,baad4031-1f9b-4e88-9ac6-9c40ed79d7f3
R.J. Davis,295,9.963,af3e4f66-d651-4875-9291-4ee32c6a65dd
Wade Taylor IV,292,10.515,d809ed56-e0c4-48ab-9cb2-e6e94a8c0842
Malik Williams,292,11.162,91d9d39e-7ed1-4320-80fc-4d487e79b1fa
Alex Reese,292,12.984,1f6ef8b2-5d7a-4ca6-a9f2-cc8c06c032b8
Sean Pedulla,290,11.381,6068f2de-9744-432d-b3f4-f73da0894927
Malcolm Hill,286,9.356,99f046d4-e2fe-495e-92e9-472b6f6a9c22
Kyle Mangas,281,9.884,509e10a3-69e7-41cc-a0b5-44de8eb4659f
Bryson Warren,280,16.308,de89d563-ec4f-4356-8cba-afd95b5a975a
Kevin Knox II,277,10.255,868bf1ee-0aa9-4762-a685-b32801d25e6a
Tyson Etienne,270,15.508,316deed2-3f6a-4c1c-9508-2dd0c937cd4c
Tyler Burton,270,9.149,382afece-e02d-4ce2-92ac-92b1d2333d2c
Teddy Allen,270,12.184,03318058-7f1e-4d54-a8b4-cbaf7e836a78
A.J. Lawson,270,11.349,ed39e2d6-ce65-43e5-9ea9-d579d0526a1f
Charlie Brown Jr.,268,8.984,dfa6209b-514d-438b-9c4c-bd6f1ff85613
Miles Kelly,267,12.720,8e41f240-6f89-4f54-bcc5-534112efd3c2
Jahmyl Telfort,262,8.518,f7cdd34f-d626-4902-b05a-e39f9ae32dd4
RayJ Dennis,255,9.327,5c2a5944-cadb-4619-8b0d-04338c63a470
Jaylen Sims,254,8.915,4e475993-d453-43ef-a5dc-52e715e3e5db
Josh Christopher,253,11.087,207daaca-464a-4e71-8c77-cae31615c0e3
John Tonje,253,9.210,5bfe6dcb-3da9-45f9-95c0-ed690168c7ba
Antonio Reeves,251,11.230,19004e0e-7982-4513-bdba-24e11e49d49d
Jon Elmore,250,9.388,65bebd10-aa65-48ec-845f-2efcb122287a
DaQuan Jeffries,250,11.181,b969f906-aab2-4845-b038-70ec8482bed4
Max Shulga,249,9.375,be819393-353e-4c46-b682-d2ee0d11e736
Gabe Madsen,249,8.709,7e84815b-7663-437b-8751-28d60ef2c65b
Jaxson Robinson,248,14.709,e7e970a3-7025-4ccc-b0f7-271f94238ee5
Johnny O'Neil,246,10.752,266b9ca1-6596-4d2a-947a-0f602c0af725
Mitchell Mascari,246,13.465,fdc935b9-0c73-4ca7-ba6b-f3b5aa1f2205
Eric Dixon,246,10.799,11ec3e54-7b96-4e1f-856e-8933eb8de9c3
Taylor Funk,245,11.502,951413b1-0a17-4edf-841a-5ca7b9a2c275
Caleb Grill,244,12.883,bbae8544-616e-4d08-9a98-a20e5d47e694
Skal Labissiere,242,8.646,0943dbc8-178e-4cab-97d6-3f31747698ab
D'Moi Hodge,239,10.805,4fca8d39-a522-46f0-b222-226b8180e35a
Damari Monsanto,235,16.643,63a42b38-d8f6-4214-aa03-cb4263b02a9a
Matthew Murrell,234,9.238,42aff9d8-9839-4949-ac9d-97663c8eae23
Keion Brooks Jr.,234,7.850,088649fd-bea2-4353-a931-850c918b0337
Darius Brown,234,7.471,b7ae8764-a482-4551-82ac-7a91c8292e4b
Brice Williams,231,10.471,bc4eee96-6dec-4e4c-ac60-d467785926cb
Jaden Akins,230,7.964,e6acbf72-2032-4b3f-9672-62f8052c1873
Alondes Williams,227,9.793,e555cb48-990b-4ef7-8464-59adc6adf34d
Stephen Thompson,227,8.489,41e105ed-f146-4aef-a65b-262abde1841e
Chance McMillian,220,12.209,d40fdb50-4ea9-488f-85e3-aa57164f9d0a
Mark Sears,220,9.121,6af77143-6aac-4199-ac80-bfa704e2ca51
Trey Alexander,220,8.067,eae5a4b1-2701-4843-b7ed-ac8677e6446b
Drew Peterson,219,9.367,b385f90c-bbc7-4346-8507-4d626e2c0c61
Lucas Williamson,218,9.959,f0ae386a-6794-4f37-b447-84822aa60c4b
Damion Baugh,217,8.694,bcde43ef-a7dd-4d4d-9d7e-a0585052e0b9
Dalano Banton,216,7.665,ccd8ec3b-3e5b-4f39-9b41-91882f179a73
Dariq Whitehead,214,13.292,9f8b2ee3-8cc5-4a92-aeb9-c8c52d6e37a2
Nate Santos,214,10.647,5d98e4d9-9d4c-416e-896e-662ef6de036b
Alijah Martin,212,8.797,c1035422-a088-42e6-8ad3-db400bb52aa1
MarJon Beauchamp,211,11.140,a17b838f-efcd-4d85-adab-39e05d579e13
Daeqwon Plowden,211,9.929,daca4b6a-526f-49e8-a02e-ba59acb77846
Trevon Scott,208,8.736,fc067294-4b2b-42aa-bea6-88cda36ce6d2
John Ukomadu,207,8.254,b4f22d30-f720-4880-9fc3-a7a1f5679086
Felipe Haase,206,10.580,a03683d7-864f-4a20-ba32-5a8d3263c1fa
Sean McNeil,206,9.932,4f71e857-f644-4dfc-9ae8-65416c90df71
Jayson Kent,205,7.681,dc854637-bbf4-4710-94b5-8c953db3ce27
Dillon Jones,205,6.624,7c13f8c0-55bf-46b9-a41e-cbaeea35c13b
Cormac Ryan,204,11.172,f3f41cea-955b-4ff5-b6fc-69991789d721
Chris Youngblood,204,12.911,35206de4-a3c1-415a-b596-126c0ab7b44a
Marques Bolden,201,8.820,95b6d616-e911-4060-869d-7f633e7ec049
Sean East II,201,6.718,673bd14c-085f-4173-9211-d62ae307b0e3
Riley Minix,200,9.112,d4332b50-b7fb-4429-9525-e10587f584d9
Chris Mantis,200,11.779,d2d320cb-de1d-4f2f-b238-9697f02b41ff
Jacksen Moni,200,11.117,b16076ab-b7f1-4f61-b1ce-87471a1be027
Javonte Cooke,200,11.751,0c8af3e4-85bf-4c62-921b-d5cc21594198
Zeke Mayo,198,10.560,2aa9c687-ca9d-4478-a2c7-8f2797b308b2
Nate Williams,197,8.041,3ab12c09-2aae-4bc0-a45e-0132e6751116
Miller Kopp,196,11.715,817c559a-6812-42ce-8373-1e8132f3b917
Killian Hayes,194,10.178,9a826fec-5df7-4a14-8637-3364dc9433c2
Nolan Hickman,191,9.395,b8b01afe-00df-407e-b0ee-229eacce163c
John Butler Jr.,189,6.987,16110c22-e5e0-4925-94a9-959285132aeb
Ron Harper Jr.,189,15.816,0fc9db0f-ca5e-49e9-a003-973fa4fd8839
Efe Abogidi,188,7.655,2a962d8e-05d1-4d9c-ae45-e128f2ae9c81
Tristan Enaruna,187,7.750,998f2322-7dab-4353-99d7-b23e57eeb3ed
Hayden Gray,186,6.813,e901ec95-f7cf-40c9-af32-8dabb981b3cd
Kennedy Chandler,185,5.979,90cef14e-ebcc-4a00-94e1-b06d8ca04701
LJ Cryer,184,15.972,51c89cc1-c192-4e07-878a-436ad5c2c70a
Jahmir Young,184,8.326,dc80c41d-ab1d-4aa4-be9f-8830d7e0dd62
Anton Watson,182,6.542,8cb4b74b-84e9-40e3-9a3a-a7dd7be9767b
Jaylin Williams,181,7.792,db384374-d594-45b6-a3de-9aa8a66dc226
Tyreke Key,181,7.785,a9ab59d3-2f04-49b0-b4fd-a265d98af568
Buddy Boeheim,180,15.721,b19737e4-2806-4548-b14b-2062175fb05e
Jayden Nunn,178,6.624,174b4cc1-dd31-428b-97ad-093422ffe324
Donovan Williams,178,9.105,12136b74-23d8-49b4-b4de-98a320969c76
Paul Zilinskas,177,10.351,fb3799f7-55e6-46cd-8dba-16e86ee83d37
Andrew Carr,177,7.055,d2f39898-17d1-4d74-bfca-1719672b051a
MJ Walker,175,10.324,2733a0f6-5816-47e9-9972-a4f253f15038
Terrell Brown Jr.,173,6.626,0784aa6d-2f58-4e8f-8fd0-d3cb2fd08ff8
Javan Johnson,173,10.860,5bf3dc6a-f0bf-4146-9233-0714a95538e5
Justin Minaya,173,7.027,8a534421-7dd1-49c4-a304-7b5a2341f904
Jalen Slawson,172,7.081,ee32b868-f2aa-47fd-bc12-e2df467173a0
Kyle Guy,172,10.921,9eed3d99-6049-4cd0-96bb-4fabb8ad8ddd
Chaz Lanier,171,12.574,3ff2c55c-8857-4cde-85eb-a42b87da7dcd
Kira Lewis Jr.,170,8.076,ce287780-67de-44fa-86c2-d87dec5a1e28
Luke Goode,168,11.060,4144db18-4210-42b8-af58-fd1dd83e87c6
Terrence Hargrove Jr.,168,9.513,06c40ea5-9150-470e-8f6a-7cde4a102ef6
Payton Sandfort,167,11.963,54f7a3fd-6e94-4630-9ca3-e05af980008d
Patrick Baldwin Jr.,167,7.678,45b328c0-b3b8-4a36-a0c1-28e39227ca85
Alex Morales,166,5.550,21a9c7c7-f211-4710-9932-3ecfa2fd4256
D.J. Carton,164,7.299,b902fc9f-4b1a-417f-8af7-bfa5c66c95a3
Chase Hunter,164,9.208,50fd1b80-b17c-4168-9cd8-b67adeef9040
Kobe Bufkin,162,9.988,9e453254-b85d-43ba-a615-8bf683d94834
Trhae Mitchell,161,7.239,d98ecec8-9937-426e-ba9a-e019ec88d94f
Isaiah Roby,160,8.889,19602b62-cfbe-4d35-81f5-bc244327960e
Taelon Peter,160,12.308,c870f7e6-686b-40b6-859c-ced3b397cbd8
Cameron Matthews,160,5.163,2b3321e5-dc2b-4c37-9ee5-36336690c3ec
Wendell Moore Jr.,159,7.802,96f746dd-7dfb-4ea4-a98c-39ed5d2a0fd5
Hunter Dickinson,159,5.755,00c80505-49a6-4ed4-ae3d-decf5a59b3a2
Kendall Brown,159,5.711,84863ea4-7e22-4827-9c1e-091a16291b37
Pacome Dadiet,158,11.800,810fd8fe-5999-4962-9441-004f4a25fea2
Kobe Johnson,157,8.547,9f123592-d747-4a41-b903-ad6bcb6ac751
Tyler Smith,157,8.742,b701694c-6da2-49de-b9a7-ae092466ce67
Jarkel Joiner,156,6.794,994212e5-17be-4696-bd46-0efcd68787bc
Marcus Burk,155,7.762,017ced69-5d96-4160-b064-3a051a5c9efe
Romeo Weems,155,7.399,9920a386-699e-42ad-90ac-8fb89d78d1f9
TyTy Washington Jr.,154,8.922,0b1c2f8c-380e-4f07-85b0-3b5ff4650d00
Zach Freemantle,154,5.851,aaa72835-bf87-4903-8432-953c82e91876
Evan Gilyard,153,9.439,0f656aa8-c62c-4fad-ad9f-3442cdc15e50
Olivier Sarr,153,6.989,584a880d-84b9-40fd-876e-852044392606
Tevian Jones,153,8.864,1d44afa0-7106-441c-b8ed-cc5e216e866b
David Roddy,150,7.481,ab0a4d97-fd7b-40d9-a72f-b2a862039584
James Akinjo,149,8.237,889010b1-1e41-4488-97c5-030be0d70083
Nate Hinton,149,7.499,2827a99a-9a36-4b8d-8ca8-e77e9771b69c
RJ Melendez,149,7.279,090cc6af-edb2-4cf8-a374-9b90193c330d
Justin Harmon,147,6.815,4c8abee4-0270-4d98-b4ab-cff9969857fc
Phillip Wheeler,147,7.000,3d20e735-543b-415b-835b-fa80295fa157
Arthur Kaluma,146,7.499,c7a03fd4-8ba5-4f9e-b62d-db9492da6f1c
Paul Watson,145,9.699,1aae577a-f08a-437b-81ed-160d66e586b9
Gabe McGlothan,143,6.704,32f54c28-47c6-4d3c-8364-c3956aef7190
Steve Settle III,142,7.219,f52af8fd-29ee-4aa7-9c70-e211a5d73a12
Kessler Edwards,141,6.861,0dbaa8bb-491d-40b7-ad09-f4605dda699c
Leaky Black,141,5.558,baf1b89d-5bf9-44d8-ae08-43b643b89914
Mark Armstrong,139,6.999,3bc6f704-0fda-4f85-a681-a41d1178948b
DaRon Holmes II,139,8.786,33ee598f-dbec-467d-982c-9722af3b3261
Hunter Cattoor,139,11.469,3b01bc5d-08ef-4a1a-afff-52c5c9f81849
JaQuori McLaughlin,138,9.603,a05930e9-6846-4c42-b5d6-f859b92d97fd
RJ Felton,137,8.313,a593fa2b-cb79-4f8a-8139-bba7a2133f2c
Erik Reynolds II,137,11.561,f3572151-dba9-4dc4-a48a-792e17a3180b
Harrison Ingram,136,5.109,289b86f4-5aea-4603-a5e7-54793e5eb584
Adama Bal,135,12.981,3559f9a3-9132-409e-a701-a4c5757cb325
Ethan Thompson,134,11.375,e303b1cc-a268-4f85-8063-e447c757ede6
Trey Galloway,133,9.520,8303a10f-1748-43ee-9c4c-59abdffdaf87
Toby Okani,133,6.870,a6c4645d-9238-44cf-92aa-fd318ebb8ebf
Victor Oladipo,131,9.059,ff415fa8-89ef-11e6-bc85-a45e60e298d3
Cameron McGriff,131,8.392,55ec130c-b918-4d9b-9fe5-9b79a5f370f2
Jaelen House,130,7.893,e14de0fe-50fa-4322-a5a2-55cb2137e6f2
Aaron Scott,130,8.731,800b6f8d-e4b2-40c8-9891-40fa3f84efc3
Jaden Springer,129,6.869,8a1c8d1a-13c8-487e-b85e-6b10ecc1d39f
Jabri Abdur-Rahim,128,11.006,5ba18e46-b710-44bf-8369-1185adf0ce77
Quincy Olivari,127,10.575,cbbbce73-763b-4e1d-820b-1b8f62857eaa
Bobi Klintman,127,8.863,61c18542-cf37-49c7-b486-337bb809d326
Saint Thomas,127,5.203,9ac60fc8-a677-4c67-8b1a-92c61ac71eec
Johnny Davis,126,8.514,bd507dbb-cb87-4e45-ad2e-1990df07ac20
Enrique Freeman,126,4.760,f838df3f-72c5-4cf1-a555-7182e3dccd13
Emanuel Miller,126,4.572,9333d369-df08-4c59-9073-3164d584f481
Ruben Nembhard Jr.,125,5.326,27574eb5-d76b-4147-882e-38f3edc014b3
Franco Miller, Jr.,125,10.675,d681a7cd-c0ad-4497-975c-f750b762a74e
Tosan Evbuomwan,125,6.457,3836af33-7171-4f6b-b4e3-7dc129d8efa6
Jonathan Pierre,125,12.327,94306db4-8243-44b3-9f3e-eb1dd9e258b7
Kameron Warrens,124,7.979,14a1175f-1e82-4a12-9edf-f9445dc58270
LJ Figueroa,123,5.568,629382e8-fcc6-4974-b0a3-99fd67940f2d
Johni Broome,123,6.860,12c34cc3-1005-4454-bcfa-a5332744fd4c
Taevion Kinsey,121,3.805,b17e9b18-8167-47ec-b96c-1a1c88208376
Zhaire Smith,121,3.641,bf29165e-4d8e-4760-a070-5502dd6c2176
Isaiah Stevens,120,5.360,27b14c86-8f8d-4cd8-a8ec-bb051cd871bc
DJ Rodman,119,8.692,18ec54f9-3c06-457d-a0c8-04f2aa513754
Craig Randall II,119,19.866,57c94d1b-101e-4b0a-afc5-d9716233e92d
Ahmad Caver,119,6.099,b37bbd3b-102d-42c2-9bfe-7874d64e9068
David Jones Garcia,118,10.659,8207e744-783c-4fac-8d78-52acb829f00c
Jordan Hall,117,8.810,4b98be48-a61f-4372-8f5d-25f914555a83
Desmond Cambridge,116,10.256,5f4ae0bb-b9a5-4c83-8441-1e627500c265
Igor Milicic, Jr.,116,7.365,96e51137-1852-4b4b-8809-7d07d81b22a8
Donte Ingram,116,6.260,1034b6f9-7fc5-4f5f-94fa-2ab920658dd3
Isaiah Crawford,115,8.008,cc5a020f-5862-494b-a997-26288b4f4f12
Alize Johnson,115,4.804,c97ec77d-b190-477c-8f04-2d8be4554830
AJ Hoggard,115,6.624,91fbbfa3-eabc-4c5d-b0d0-b2fc674c84bb
Jameer Nelson Jr.,115,9.837,55218f5a-96d0-455d-953e-1af096389bc1
Alex Schumacher,113,7.513,74b58589-0ca1-4a71-ac83-93c57a2e8b83
Au'Diese Toney,113,6.145,a127ee52-bbec-46b6-990c-93a2c3d57b87
Tyson Degenhart,111,5.296,7ce310e3-5034-435f-85fd-9db70356ed75
Nick Jourdain,111,5.441,1faa4121-7c60-4b48-91c7-217d64555324
Hunter Sallis,111,5.620,6d6c60fb-827b-4b00-9033-8fb8a4fb0f32
Javante McCoy,110,5.481,fac10e71-d936-4a9b-b017-2e3b743f9833
Alex Antetokounmpo,110,6.452,34a56ad4-cc65-4406-9566-ff884e10c7af
Chris Manon,110,4.307,5dde0a80-753d-41a6-9ffa-6193317a3a17
Kobe Stewart,109,6.211,9c8748fc-6d1c-4911-99a0-94e1cf486b48
Reece Beekman,108,3.811,a419b920-f119-41d8-af53-47d3b49ea811
Jarron Cumberland,108,6.626,46d86ca8-8056-40c4-8024-2ba83293aa17
Kevin McCullar Jr.,107,11.618,1ebb0958-b242-4b10-a0cb-cc3182f35814
Chris Livingston,106,5.653,f79d533e-f423-4752-a088-6d507d795bdb
E.J. Liddell,106,7.201,f76c835b-10f6-42aa-aafe-3c87b5be8866
DaJuan Gordon,106,6.102,b7cd24eb-bd7e-4dcc-99a2-7236606d1541
Tre King,104,10.879,2928912b-dd61-4f60-aa20-a01d295e03d6
PJ Hall,104,5.696,4af59bef-250a-46aa-a5d3-e448a55f61ad
Rocco Zikarsky,103,4.621,7a36a328-5e4b-42b6-a21b-39e9f97e0188
Elijah Harkless,102,10.429,629588b6-9560-45b9-ae52-ff90c299fc4d
Malachi Smith,101,5.022,cf11631f-67ad-4f08-9466-e66859baa68e
Coleman Hawkins,100,3.716,769be316-e69b-4438-a859-7fbbad08accf
Nick Smith Jr.,100,9.737,b2d1fbf7-72be-4469-b0c2-db6677a145bd
Zack Austin,99,8.903,cdb9a6bd-2259-43bc-9209-03da5b72234b
KJ Simpson,99,7.933,1287087b-e6ba-41f9-b2b5-a3d2d1c8d682
Giorgi Bezhanishvili,98,3.447,4d0b25c0-eb2c-423a-875e-ba9f74999bdf
Malevy Leons,97,4.254,a6b91d1a-7a93-4bda-8562-d762d1f5ad47
Liam McNeeley,97,7.608,ba22d012-f7ce-4a1a-873e-d6c3ccf7ae5a
Cameron Hildreth,94,4.779,2c4cbc5a-83fe-4562-afdd-859499b77aa5
Christian Shumate,94,4.495,40ebb929-1947-4008-9cdc-046aa3a4bd87
Jeremiah Robinson-Earl,94,4.850,1a9ac6bd-8b02-4fe8-8096-c435a2a90100
Cameron Brown,93,10.702,c2df5312-12de-4f83-9d1a-3f3c2ab6148f
Chucky Hepburn,93,8.470,4ac4a0ab-ea85-4870-8bd5-9670073a3df4
Tyler Polley,92,5.775,e48e99e8-0b78-493c-9d6f-15b65e7869c6
Matthew Cleveland,92,4.764,45913c55-0376-4b4f-9935-00471ffb3033
Keshon Gilbert,91,3.542,10762d58-0a4c-416e-8e01-0af744c29286
Ben Saraf,91,7.906,f92bdf23-732f-412f-9b84-9c088cd9474b
Bronny James,91,7.865,ec9d7a06-798b-45e0-8eae-a5bfdd92f0ba
Luke Travers,90,8.798,ef24e628-6674-47d2-8fea-a8ceb61e0fb6
Dennis Smith Jr.,90,5.621,4a0f330a-e571-48c4-a685-f82c9436c964
CJ Huntley,90,3.901,a93dac29-3dee-4328-8787-673c2c4d207c
Mouhamadou Gueye,88,3.092,cc3ddd0b-2be3-4043-a3e9-7ae15f6e1ab0
Tyrese Hunter,86,11.653,4f89702e-6e19-48ef-9be1-8da8a0837a2f
Emoni Bates,86,15.114,9f1d3f5e-1bf4-4a41-81f4-516081353643
Dwight Murray, Jr.,85,3.959,7880b823-77c5-4925-a287-1af2424a923b
Kadary Richmond,85,4.746,5f0c2302-aaca-4ac1-b70f-f25abbe14186
Antoine Davis,85,17.970,cc05d44b-5260-48a3-b9b6-61ce282a67c0
Adam Flagler,85,8.938,60b1ff6f-7e65-4d93-8b0b-fe76747cb0db
Caleb Love,84,11.683,163d0a85-fc13-4c76-8e98-93aae28417d2
Chaney Johnson,84,4.249,4007e9ee-5f46-4b39-9d77-0001aa54f1f4
Matt Cross,83,5.273,8b71b1ce-93f8-4cf0-9099-64c91af44202
Stefan Todorovic,82,6.688,a0dbe31a-75c6-4777-a920-d506c5633bdf
Dakota Mathias,82,11.096,9f1f34c6-66d2-4093-9328-d2fffffb97d5
Keyontae Johnson,82,4.008,d5348336-15a5-416f-8312-bd7030a6277b
Hank Morgan,82,8.208,29d938d7-ce0a-4aba-9b2e-b17b2e8d8ee5
Kyle Rose,81,6.255,c7fe17cb-17b0-4fe5-bfde-60cdce624f03
Isaac Jones,80,3.343,a35d4b94-e6ff-4f4a-8f40-d64d70dd4c3a
AJ Johnson,80,10.417,2b0ac9c2-0fa5-4ee6-9881-03b737e11dc3
Johnell Davis,80,9.346,7ddd09bd-a98c-468f-ac39-239c33fe8d79
Mo Bamba,79,6.191,ee761e41-d0d2-4a56-84cf-353e2ae5a961
Matt Allocco,78,4.447,1542fce4-02f8-434c-8e0b-c655313fea33
Cam Carter,77,6.987,a183c842-9603-4691-9abd-612235152ad2
Keon Johnson,77,9.961,7cfacef2-8c7b-41e7-9df3-4a570a6de468
Max Klesmit,76,8.786,ce1fc58a-6a2f-40f5-a83b-c0acdcdf2e01
Liam Robbins,76,6.312,831eb28e-7713-4fbe-bf6b-dd0e1e20b1f5
John Knight III,76,2.498,534e334e-2adb-4b8c-9614-8552f0dc5f6d
Tidjane Salaun,75,7.928,abc5b21b-f2eb-40cb-a9e6-6eb5abeafe60
Caleb McConnell,75,5.499,9ea29be6-8741-4b28-9a3f-b73d1919c900
Bez Mbeng,72,3.154,117522bd-3f51-4ef9-99ae-8cf060df132b
Viktor Lakhin,72,5.509,386162d7-b5e6-4aca-9174-cfba1382d491
Dereon Seabron,72,4.706,9cd83bc4-5c2c-4f4d-ba20-8fc69a4cfa8a
Zyon Pullin,70,4.372,21f03dac-c84d-48c5-80ce-a54781f63914
Marcus Garrett,70,3.638,723b0c0c-ac5b-4b0c-b84c-01da7be6c705
Steven Ashworth,70,7.085,63e0883f-eae7-4a6c-ad8f-c7670247241e
DeJon Jarreau,70,4.419,3cd02b89-3d2f-46ff-b392-29215f6825b4
D'Andre Davis,70,6.763,93c1ccb9-a43d-42a7-a037-b8d2057acc02
DeAndre Williams,69,2.733,d240c74d-0376-4b1e-998d-190b778ced1b
Keyshawn Bryant,68,7.061,8bfb0e3f-2c04-4dd5-ab0d-c7bf453b1ed5
Drew Timme,67,4.948,30998b89-18c0-4086-ae61-1830056bb1b7
Asa Newell,67,7.197,eb38ea24-c68c-4f72-9a55-2e397b4f0124
Nolan Traore,65,7.345,4b2dd1ee-169e-4af4-9877-1e600ccc1ac5
Stephen Mitchell,65,6.468,1d1c157c-d6cd-492c-8ac1-aca3b6d6c04f
Yuki Kawamura,63,7.945,3d921f8a-1119-4e42-be46-c22ae84d5f58
Pete Nance,63,8.140,a9d51846-7123-4773-be70-de509c877a08
Basheer Jihad,61,3.030,bd9b1fa0-957f-4365-8af3-a545d525965b
Micah Potter,60,6.608,1e89c60d-b20e-4499-aba4-b13dba295a52
Isaiah Hawthorne,60,9.346,e186218b-ea58-4542-af85-ac121949c255
Brandon Slater,59,9.306,eb81af0f-e8c9-4a55-a018-bb56cbc130ff
M.J. Iraldi,59,3.593,bc70e8c9-c8ff-44fc-b539-10f863d5efec
Deivon Smith,58,4.514,9ffb6f28-8fa0-4650-bd30-47f8aa7235a2
Nojel Eastern,58,5.400,b2251f82-7770-4e0b-994d-c33ff4a1b39d
Sharife Cooper,58,7.360,2d470912-d9ac-4456-916c-372fc4c84cdc
Bryce Thompson,58,4.434,cc61028a-3c21-4917-a6fe-607bb4085636
Tamar Bates,57,6.651,4e132a3e-20b7-4058-9b69-c71ed0bfd654
Jaylen Martin,57,3.527,70021baf-68ca-4b04-a865-fe10b1450b62
Ben Coupet Jr.,57,5.135,8c1d8070-eb6a-44ee-bc37-0a07ad5267fb
KJ Jones II,57,4.560,b34e01c3-fde9-402e-a381-1abc45ea21fb
Rasheer Fleming,57,9.135,4639f41a-c88b-4cf0-91c2-c36d9d4c1e5c
Reynan dos Santos,56,6.306,e3cdc093-14ad-4686-ade9-7fc70c5a5a88
Justin Jackson,55,7.586,0867f70d-4848-4664-82fb-db397233e78f
Colby Jones,54,9.818,80ea0675-30db-4ebf-b37f-eb50552e8d0e
Norchad Omier,54,2.374,15c34e0c-e636-4bd1-a7db-6435d201f8c6
Ricky Council IV,54,11.894,9027d4b5-4d3d-4ee2-98cd-3d105aa7044b
Augustas Marciulionis,53,4.526,89ff2dfc-818b-4d2a-beba-efe0422f6d4c
Jason Preston,53,5.487,b609ade3-6177-4d12-8f4d-e717beb97f97
Terry Roberts,52,4.981,6b0963ac-b00e-46cd-94e8-e60dc3238718
Jamir Watkins,52,9.420,84ba6ce6-9c37-4225-8f84-14a5cbacea65
Cameron Parker,51,3.255,15e3cffa-aed2-4d74-a8e0-ec06dfea63c6
Kevon Harris,50,9.470,8190d885-1fd0-4dad-99d7-2431cc018492
Garrett Denbow,50,12.626,13631116-cd60-4bc0-9a41-6fed5d44b41c
Zhuric Phelps,49,4.949,cbddda95-fa69-4ae6-b6b0-247f5c669b7f
Josh Oduro,48,1.879,8356850f-e674-4868-8a3b-7cf5b6193dce
GG Jackson,48,8.392,de22ebf7-4f76-48b4-805b-b5f87858922f
Yuri Collins,48,4.602,7a58adf5-73d4-4f5e-b042-6ab0d8862313
Keshad Johnson,48,8.219,c5cb7e86-5c88-4bd2-bf14-22a65e7bd094
Michael O'Connell,48,6.887,e4133038-cf2f-4227-a6d5-566eb968a245
Quincy Guerrier,48,4.482,e7a09800-4dd6-4745-8dc3-2bb848800f9e
Giddy Potts,47,7.912,7ac29d25-418d-4bf3-b302-cda0f4aa7cae
Jamal Cain,47,8.146,f42a8b63-1ab4-447f-b74f-be293fc58e99
Cody Martin,46,5.157,0000b397-3cf4-4dd4-a910-000000000131
Steven Richardson,46,6.013,1baa93ad-ae20-4faf-b428-11c4aac33778
Jack Gohlke,45,14.019,20e6b7dc-2172-4ce5-a2c7-f61c3c89d703
Charles Bassey,45,3.676,089bae1f-5cd7-438c-8ebb-061918727a25
Lachlan Olbrich,45,3.586,684950fe-3bcb-47f2-8bfa-a9941e216b28
Justin Edwards,45,11.307,c2b8cc6a-c87c-4dc5-bfea-c4630c2b6f3e
Micah Parrish,44,6.748,a233b4d2-746c-48be-9d0d-ce655385c605
Jahmai Mashack,44,4.293,f851dd8e-83fb-42a9-8b76-cc5afe5350fa
Orlando Robinson,44,3.369,e58d10b8-dbfa-46bc-9b80-d078501bcce7
Brooks Barnhizer,44,3.028,6b9ff8ac-a24a-46b2-8a4a-4f4015c6b353
Devin Carter,43,12.798,8a8e683b-3939-4208-b55c-bc9cefe13a54
Manny Obaseki,43,3.216,e4cdd91f-718d-4c35-95d1-b3aa28ef79b5
Kasparas Jakucionis,43,8.866,f4881a74-343b-4005-b701-3f53c512aba6
Nikola Topic,42,5.915,deb86c8a-aaa2-472e-a66d-a1cbace2c797
Danny Wolf,42,8.284,0b1b2334-050a-4f4e-bae7-3865147c950f
JD Davison,42,7.778,833b573b-1366-463c-92ea-56e7718c0dc6
Myron Gardner,41,8.135,8de6d5bf-730c-4c48-8f00-7f9da72e979e
Dajuan Harris,41,4.751,51b4a0a5-880c-48d7-a342-2b25ec6cc206
Nikola Djurisic,41,4.329,0e381936-04ed-49fd-87b0-400686b3e145
Trentyn Flowers,41,4.767,c917a1b8-8537-4dbe-91bb-c8e376d71ee4
Trey Townsend,41,4.404,32735ab8-9eea-40c1-93be-395428840de8
Rahsool Diggins,40,9.324,6404e275-f55f-42e5-8d36-cddd1661c335
William Baker,40,2.572,dc9d21e3-68f0-4270-a358-8e68da5bbafc
Patrick McCaw,40,4.530,ff42a38f-89ef-11e6-bb23-a45e60e298d3
Yang Hansen,40,3.500,c6156c46-4275-4470-bed6-6c382811ef91
Riley Grigsby,40,5.926,5b7fafbf-2163-4b93-a29d-fc83e9946914
Jamal Mashburn, Jr.,39,8.298,e2dcfe4a-9e16-4ab8-8eee-e15ca0db6eb5
Jaykwon Walton,39,8.228,59731b4a-481f-4699-a3fe-f39676cc079b
Anthony Pritchard,39,1.754,58d7789a-e4bc-46cd-91d5-01526491d417
Caleb Stone-Carrawell,38,8.899,c0ac23b6-44cc-4fe7-8a81-560c7fc1003d
Tyrese Martin,37,14.919,1d3ff68e-d714-4f70-b952-02cf2252e990
Ethan Taylor,37,8.043,b4569bbc-b31d-4504-a59a-fe40691d1d00
Garrison Brooks,37,3.592,146c7c56-b7ad-4925-8a9e-93d2c5db55bc
T.J. Warren,35,8.294,ff401666-89ef-11e6-b554-a45e60e298d3
Zach Hicks,34,8.673,8e62f792-31da-4509-a4a8-d0bd4144b94a
Jay Scrubb,33,7.500,8488ec31-e9a6-4535-a007-3b6fb6c5f1bd
Eli John Ndiaye,33,6.861,541d7cbf-04ae-40eb-9401-fc9f1fffdcf2
Alex Fudge,32,2.299,1f5a0d41-0c51-4353-9d7a-503196852e33
Andersson Garcia,32,1.639,9b93509f-b8d1-4066-ba4c-6338fed2a84f
Dawson Garcia,31,5.916,4aa2ea37-df6a-43f3-9838-5bb4d2e13186
Taylor Hendricks,30,7.212,91ee33ca-2f8a-421c-8a4d-b0f98d5bc54c
Trey McGowens,30,2.190,a17cb8d2-4fe7-49a1-b4b9-e56f6316d694
Javon Freeman-Liberty,29,9.119,a28cdf29-f659-4646-b964-87ec3c295ae4
Ryan Nembhard,29,6.808,f43050bf-10e7-4919-95a0-272b4c616687
Geronimo Rubio De La Rosa,29,12.554,5bc79052-06fe-4165-bc0d-7121fc331302
Khaman Maluach,29,4.341,d4dcccfe-9470-4fef-bac2-e9f6aa1cfd32
Pedro Bradshaw,28,4.870,881e8c41-f4cb-44fa-9caa-782d1e294daf
Vladislav Goldin,28,1.949,0d1efd50-8b55-402c-af4a-3400a0ecf19e
Tyler Kolek,28,9.272,40faa5df-7ced-449d-bd12-300a2938370a
Isaih Moore,28,1.577,ea2cbcac-0b28-454f-a3f7-a30bb1d6fbb1
Nathan Mariano,27,7.357,6e090c81-2a42-43d1-9e4e-bd5a04f09b10
Malaki Branham,27,8.824,13030bd6-e3d6-4e2a-9685-88300bc4ec5f
Lance Terry,26,6.484,2c5a45b8-029d-4556-9186-221becde7ae7
Cameron Tyson,26,13.613,18ede5d3-f2de-4f9f-a9c3-ffe37ac43566
Marcus Bagley,26,5.950,a39bf7f9-11fd-434e-9673-4a184061ad7d
Chandler Baker,25,15.625,db071247-1883-4852-b647-0b794ee7cdee
Ryan Woolridge,25,1.330,a4f5f591-7988-4761-b96d-5efb627bd420
Elfrid Payton,25,1.820,ff4126dc-89ef-11e6-a96d-a45e60e298d3
Grant Nelson,24,3.097,c4012fed-7c3d-4171-a8c7-3432c061c9d7
Kam Jones,24,5.369,93ff04cb-5390-4709-a521-c7ce58713f31
Kaden Anderson,24,4.278,d3403310-4ad2-4ea2-9072-623f9adefc8d
Sy Chatman,24,4.380,ea9cdbe0-fa96-437f-99d0-f1c67185f3e7
Issac McBride,24,11.594,e98d2d7d-61a8-42e6-9c79-f1c3d6667ec9
Derrin Boyd,24,7.295,6dfc6fb5-d921-403b-b590-c1c4c3e900a9
Jamal Bieniemy,24,3.928,5659992f-2487-47ce-83f7-baedce2a090e
Jamaree Bouyea,24,6.076,e35aa016-05af-4a0b-92b3-b0d987d11892
Wooga Poplar,24,4.990,b3aaee9c-4272-479b-9fdc-7b99458903ea
Cam Reddish,24,8.571,5cef3c95-c7c7-4206-b70c-41f647f9498b
Hason Ward,23,1.162,99828648-af70-4757-ac4f-8f3e6c8364f5
Jermaine Couisnard,23,9.055,395250e2-3fc7-41ec-b3e5-be2b920a6458
Brian Taylor,22,2.464,ef62751a-0816-46fa-9160-054ef9ec64e4
Kalil Thomas,22,12.291,1e30df52-91e3-4394-8265-d813a892b8c7
Drake Powell,22,7.560,ed72fbc9-1066-46d8-872e-9a437c4e536e
Jackson Rowe,21,6.231,87777cd1-2099-4edd-8256-f29343fa0fd4
Noa Essengue,21,7.368,fe09888e-ef47-4152-a457-e6f4e04aee54
Seth Maxwell,21,3.571,12d95e3f-d714-4300-978c-245c9d0f302c
Will Riley,20,7.843,3fb6c927-c443-46a9-aecb-1105dfb05233
Aminu Mohammed,20,1.792,6abaacf2-5a3c-4c72-b19c-2a645dd84022
Dalton Knecht,20,9.434,b8da7ce7-11b7-4a94-acd4-f309bf4b6333
Adou Thiero,20,4.357,9b945fc0-d3bb-405d-bf43-95c6e7d7e87b
Martez Brown,19,1.632,15a40435-a0cb-41f5-8680-120339364fa1
Ariel Hukporti,19,5.793,91a10e2e-9784-440d-b0a4-83a8db044c1d
CJ Fulton,19,4.935,e2d1008a-5cc8-4a4d-9f54-0bacfbd083be
Josiah Allick,19,1.366,46de8a99-497a-49cd-a9ec-347e787439e3
Jean-Jacques Boissy,19,9.896,3cd15c37-c35d-4061-82f8-728bfefd34c9
Cody Williams,19,7.197,8b49e58d-df58-4e21-b984-2bda3ce246e6
Jonathan Mogbo,19,1.276,12f2cb53-d3a1-4a42-b6ed-9238a8eab4f7
Justyn Hamilton,19,1.917,7be325aa-4951-4bc9-948d-d4177d4cbb1c
Josh Minott,18,12.500,3dafdc09-40d9-4934-b9c9-8be3bd3eb90a
Jared McCain,18,10.976,eb79ea6c-b337-448d-ac33-7e92219822ef
Ace Baldwin,18,4.128,6ab19369-4aa1-4aa6-8274-b595ac8902be
Vance Jackson,18,8.108,2a70adf2-b7a5-4028-b567-a3b18585a709
Noah Penda,18,9.524,8257785f-b06f-4feb-a7c3-c58c4fbf99d7
O'Mar Stanley,17,2.720,c35585ea-5c0e-4c72-bd00-07eceb71ee47
Branden Carlson,17,10.828,c401774b-397d-4c15-93a0-592eb4752dac
Symir Torrence,17,1.747,6779419d-662d-4a38-b2ea-cb8e012eed8f
Jonas Aidoo,16,2.276,18e9a256-6619-4a10-a5dd-2c89bb7cfb0a
Javon Small,16,11.429,6b98a36d-b1bc-4b68-bd5b-0671580d44c4
Cam Young,16,3.828,f61521e8-e7f3-4526-a0fa-efedc3c820ca
Dalen Terry,15,7.538,8fc64d15-1d47-47e1-bb04-d03f75dccc5a
Terry Taylor,15,3.989,0852ab90-243b-4951-bfb0-c536f151cba5
Ray Harrison,15,7.246,57be9a58-9fec-4727-b978-d75c7e33e914
Akoldah Gak,15,1.075,e6e552fd-83e6-4bb7-b80a-9b0bae80ad1c
Kaleb Johnson,14,0.916,51e2e08f-d07e-4dbd-a05f-bba8e5c69f96
Tomas Chapero,14,0.661,5909ae5b-81cc-4f42-adb1-912f0c19edfc
Eric Ayala,14,6.087,0ed3aa02-c44c-4b25-a16c-d448d88b92ea
Mason Madsen,14,9.091,d745163f-0ba1-4894-9467-cb7553e99081
Walter Clayton Jr.,14,10.448,ae81ff91-c142-4a68-b826-4ae75af6a94f
Jacob Toppin,14,5.622,9e0abf37-2963-4f62-b8f7-104fefa58273
Kalib Boone,14,1.410,57657681-6e1c-4701-8298-93f30846effc
Jamison Battle,13,16.250,74f1f473-4fc6-4175-bf32-f1f99de73ef8
T.J. Weeks,13,10.924,7d91ff01-e290-4fe8-955f-093a15c1d3b5
Elijah Cain,13,7.065,2ce0583b-9426-44be-820b-de29934964ee
Julian Phillips,13,8.667,76ada8a1-6ec8-4915-b57e-fa234b1f2788
Vernon Carey Jr.,13,6.736,9dc84f16-116c-451e-a191-b54f210fecbe
Chase Jeter,12,2.390,ea3ac175-ec80-45da-aa31-7c38b04c7657
Tylor Perry,12,7.895,0b9ca9bc-f567-4768-9cc5-5e42d6fc8dce
Kellen Tynes,12,2.182,83a05254-611e-4587-a927-613bde48b6ba
Cameron Martin,12,2.878,99e062a8-b28c-47b0-9682-92a5d2461cd1
Esteban Ezequiel Roacho Amador,12,4.781,2d23e4fc-8b5f-4131-af0f-83b0ae3a2c69
Colin Castleton,12,1.057,cb160212-66c3-46cf-8728-c0d6612456f8
Terrence Shannon Jr.,11,11.957,94d35dd4-a4fe-47ae-a856-cd0d5b1193a9
Tommy Bruner,11,4.825,9819211d-c92e-4802-8be4-018f1efe7932
Kario Oquendo,11,7.586,1ea004d3-81c8-428e-920e-2fde02ccf379
Rayan Rupert,11,5.140,f99ade9a-ec49-4d41-b7f8-7e1b16c9ed79
Obadiah Noel,11,4.198,ae301693-1228-4496-9f09-3dede6e84191
Jazian Gortman,11,3.056,dd6ea48a-5adc-4411-bead-f2cf2861a9ce
Steven Crowl,10,0.589,ee193c16-33d6-4aac-9688-7dde65cf6671
Marquis Barnett,10,6.452,7edec21a-68b6-453a-b51f-2e3827a52d7d
Jahlil White,10,2.020,e21b31ea-a8e5-41ad-89b1-72a56bdf59e1
Amari Williams,10,0.589,7f8f2047-20da-4fde-b1c4-e046ef5d94f1
Cameron Smith,10,8.850,bd762247-fb20-496c-af57-0abcde142d02
Tyrese Proctor,10,18.182,27207fcd-251c-4d7b-8d11-48823d8dab1b
Olivier-Maxence Prosper,10,6.024,28df8a9e-306a-47ee-bb0e-55b9ea87d542
Devon Higgs,10,3.704,72b7a0bc-f1b6-4996-89e8-8c6535bd71c0
Omar El-Sheikh,10,2.370,bdfadf82-2b4c-44e8-ae46-a6e3c9957744