Closest Defender,Shots Attempted,% Heavily Contested,SSI Player ID
Skal Labissiere,487,100.00,0943dbc8-178e-4cab-97d6-3f31747698ab
Rocco Zikarsky,419,100.00,7a36a328-5e4b-42b6-a21b-39e9f97e0188
Giorgi Bezhanishvili,416,100.00,4d0b25c0-eb2c-423a-875e-ba9f74999bdf
Isaac Jones,412,100.00,a35d4b94-e6ff-4f4a-8f40-d64d70dd4c3a
Andrew Carr,412,100.00,d2f39898-17d1-4d74-bfca-1719672b051a
Malik Williams,407,100.00,91d9d39e-7ed1-4320-80fc-4d487e79b1fa
Hason Ward,394,100.00,99828648-af70-4757-ac4f-8f3e6c8364f5
Jamarion Sharp,393,100.00,02b5523f-9555-42f2-b2a7-3ba79ce5e959
John Butler Jr.,384,100.00,16110c22-e5e0-4925-94a9-959285132aeb
Hunter Dickinson,371,100.00,00c80505-49a6-4ed4-ae3d-decf5a59b3a2
Olivier Sarr,368,100.00,584a880d-84b9-40fd-876e-852044392606
Gabe Madsen,368,100.00,7e84815b-7663-437b-8751-28d60ef2c65b
Coleman Hawkins,362,100.00,769be316-e69b-4438-a859-7fbbad08accf
Cameron Matthews,361,100.00,2b3321e5-dc2b-4c37-9ee5-36336690c3ec
PJ Hall,350,100.00,4af59bef-250a-46aa-a5d3-e448a55f61ad
Zach Freemantle,344,100.00,aaa72835-bf87-4903-8432-953c82e91876
Johnny O'Neil,342,100.00,266b9ca1-6596-4d2a-947a-0f602c0af725
Mouhamadou Gueye,328,100.00,cc3ddd0b-2be3-4043-a3e9-7ae15f6e1ab0
John Ukomadu,327,100.00,b4f22d30-f720-4880-9fc3-a7a1f5679086
Tomas Chapero,325,100.00,5909ae5b-81cc-4f42-adb1-912f0c19edfc
Jalen Slawson,325,100.00,ee32b868-f2aa-47fd-bc12-e2df467173a0
Jack Clark,319,100.00,baad4031-1f9b-4e88-9ac6-9c40ed79d7f3
Josh Oduro,318,100.00,8356850f-e674-4868-8a3b-7cf5b6193dce
Kylor Kelley,317,100.00,08d8e7a7-6e98-43fb-808a-803728ffe738
Jules Bernard,315,100.00,7c2fd9b6-9749-4ca1-8d58-b773ff9223dd
Stanley Umude,310,100.00,73712bb9-3143-4176-8eb3-cef6d45e9f92
Alex Reese,309,100.00,1f6ef8b2-5d7a-4ca6-a9f2-cc8c06c032b8
Steven Crowl,308,100.00,ee193c16-33d6-4aac-9688-7dde65cf6671
Gabe McGlothan,306,100.00,32f54c28-47c6-4d3c-8364-c3956aef7190
Basheer Jihad,302,100.00,bd9b1fa0-957f-4365-8af3-a545d525965b
Lawson Lovering,301,100.00,ee296dd9-8d26-420c-9aa1-271f6b6a2222
Zhaire Smith,297,100.00,bf29165e-4d8e-4760-a070-5502dd6c2176
DeAndre Williams,294,100.00,d240c74d-0376-4b1e-998d-190b778ced1b
Steve Settle III,292,100.00,f52af8fd-29ee-4aa7-9c70-e211a5d73a12
Efe Abogidi,292,100.00,2a962d8e-05d1-4d9c-ae45-e128f2ae9c81
Alex Morales,292,100.00,21a9c7c7-f211-4710-9932-3ecfa2fd4256
Moses Brown,291,100.00,81ca845d-dae4-46b5-89e6-86d619acb3c8
Anton Watson,290,100.00,8cb4b74b-84e9-40e3-9a3a-a7dd7be9767b
Gabe Levin,289,100.00,154a9e91-a046-4e1d-bd25-0fdf6dc87f45
Justin Minaya,287,100.00,8a534421-7dd1-49c4-a304-7b5a2341f904
Johni Broome,282,100.00,12c34cc3-1005-4454-bcfa-a5332744fd4c
Romeo Weems,281,100.00,9920a386-699e-42ad-90ac-8fb89d78d1f9
Marques Bolden,280,100.00,95b6d616-e911-4060-869d-7f633e7ec049
Norchad Omier,280,100.00,15c34e0c-e636-4bd1-a7db-6435d201f8c6
Terrell Brown Jr.,280,100.00,0784aa6d-2f58-4e8f-8fd0-d3cb2fd08ff8
Jaylin Williams,280,100.00,db384374-d594-45b6-a3de-9aa8a66dc226
Dane Goodwin,279,100.00,83cf7787-d441-4c3a-b5de-a2b2a623350b
Malevy Leons,278,100.00,a6b91d1a-7a93-4bda-8562-d762d1f5ad47
Trevon Scott,278,100.00,fc067294-4b2b-42aa-bea6-88cda36ce6d2
Riley Minix,277,100.00,d4332b50-b7fb-4429-9525-e10587f584d9
Akoldah Gak,276,100.00,e6e552fd-83e6-4bb7-b80a-9b0bae80ad1c
Tyler Burton,274,100.00,382afece-e02d-4ce2-92ac-92b1d2333d2c
Jalen Bridges,273,100.00,1c7e1fdd-3a9d-4509-b079-a329c993e9d4
Drew Cisse,272,100.00,4943e7dd-a830-4c29-bd39-a8b168bf00b9
Jahmyl Telfort,271,100.00,f7cdd34f-d626-4902-b05a-e39f9ae32dd4
Tyson Degenhart,270,100.00,7ce310e3-5034-435f-85fd-9db70356ed75
Nick Jourdain,270,100.00,1faa4121-7c60-4b48-91c7-217d64555324
CJ Huntley,270,100.00,a93dac29-3dee-4328-8787-673c2c4d207c
Jalen Crutcher,269,100.00,938ea26e-95ff-4f3b-a385-a965af8195b4
Kevin Knox II,268,100.00,868bf1ee-0aa9-4762-a685-b32801d25e6a
Hayden Gray,267,100.00,e901ec95-f7cf-40c9-af32-8dabb981b3cd
Tristan Enaruna,266,100.00,998f2322-7dab-4353-99d7-b23e57eeb3ed
Kyle Mangas,265,100.00,509e10a3-69e7-41cc-a0b5-44de8eb4659f
Saint Thomas,264,100.00,9ac60fc8-a677-4c67-8b1a-92c61ac71eec
Tristen Newton,263,100.00,ea2c60f4-30d3-4154-b99e-b907b24658bf
James Banks III,260,100.00,f4a998d1-4507-43b9-91e3-832dde032d54
Curtis Jones,259,100.00,69489a71-b1eb-4fde-b687-6385e03c1e49
Keion Brooks Jr.,258,100.00,088649fd-bea2-4353-a931-850c918b0337
Boo Buie III,255,100.00,2327ad6b-a87c-4b5c-8dbb-c64690426e98
Dexter Dennis,254,100.00,b9d78738-9b74-4fdb-9c3f-bce9cb72377a
Kessler Edwards,249,100.00,0dbaa8bb-491d-40b7-ad09-f4605dda699c
Julian Reese,247,100.00,9f1b6ada-6f2a-4683-9f79-e98b06d24f06
Harrison Ingram,244,100.00,289b86f4-5aea-4603-a5e7-54793e5eb584
Dillon Jones,243,100.00,7c13f8c0-55bf-46b9-a41e-cbaeea35c13b
Max Shulga,243,100.00,be819393-353e-4c46-b682-d2ee0d11e736
Daeqwon Plowden,242,100.00,daca4b6a-526f-49e8-a02e-ba59acb77846
Enrique Freeman,241,100.00,f838df3f-72c5-4cf1-a555-7182e3dccd13
Dink Pate,240,100.00,dc8f2d40-88ec-44ef-b6ef-09404a5d49cd
Trhae Mitchell,239,100.00,d98ecec8-9937-426e-ba9a-e019ec88d94f
Vladislav Goldin,238,100.00,0d1efd50-8b55-402c-af4a-3400a0ecf19e
DaRon Holmes II,237,100.00,33ee598f-dbec-467d-982c-9722af3b3261
Josiah Allick,237,100.00,46de8a99-497a-49cd-a9ec-347e787439e3
Phillip Wheeler,236,100.00,3d20e735-543b-415b-835b-fa80295fa157
DaQuan Jeffries,236,100.00,b969f906-aab2-4845-b038-70ec8482bed4
Kendall Brown,236,100.00,84863ea4-7e22-4827-9c1e-091a16291b37
Ja'Vier Francis,236,100.00,426de6ba-834c-455a-8c94-9656ad089275
Justin Harmon,235,100.00,4c8abee4-0270-4d98-b4ab-cff9969857fc
Reece Beekman,233,100.00,a419b920-f119-41d8-af53-47d3b49ea811
Jayden Nunn,232,100.00,174b4cc1-dd31-428b-97ad-093422ffe324
Malcolm Hill,230,100.00,99f046d4-e2fe-495e-92e9-472b6f6a9c22
James Bouknight,229,100.00,a4bca3d5-c8c6-408f-a4bf-22453062b4b9
Chris Manon,228,100.00,5dde0a80-753d-41a6-9ffa-6193317a3a17
Mac McClung,227,100.00,d9671fc0-754d-4cd1-b61d-2f6526c31497
Christian Shumate,226,100.00,40ebb929-1947-4008-9cdc-046aa3a4bd87
Trey Jemison III,224,100.00,48e06536-9d6f-4027-9d17-ec477a9ae3a2
Alex Fudge,223,100.00,1f5a0d41-0c51-4353-9d7a-503196852e33
David Muoka,223,100.00,c5a7468d-b9c2-4814-a823-b9bf4a58358f
Isaiah Roby,223,100.00,19602b62-cfbe-4d35-81f5-bc244327960e
Anthony Pritchard,222,100.00,58d7789a-e4bc-46cd-91d5-01526491d417
Warith Alatishe,221,100.00,ef3f7448-40b8-4701-8feb-456aaa4d1c6e
Taevion Kinsey,221,100.00,b17e9b18-8167-47ec-b96c-1a1c88208376
Liam Robbins,220,100.00,831eb28e-7713-4fbe-bf6b-dd0e1e20b1f5
Javante McCoy,219,100.00,fac10e71-d936-4a9b-b017-2e3b743f9833
R.J. Davis,219,100.00,af3e4f66-d651-4875-9291-4ee32c6a65dd
Jaden Shackelford,218,100.00,dfffb2fc-160c-41a4-9a75-af0a21d2ba76
Trey Alexander,217,100.00,eae5a4b1-2701-4843-b7ed-ac8677e6446b
Eric Dixon,217,100.00,11ec3e54-7b96-4e1f-856e-8933eb8de9c3
Dain Dainja,217,100.00,3d560bd7-c964-492e-97b7-12c4feda4079
Jayson Kent,216,100.00,dc854637-bbf4-4710-94b5-8c953db3ce27
Jaylen Sims,216,100.00,4e475993-d453-43ef-a5dc-52e715e3e5db
Chaney Johnson,216,100.00,4007e9ee-5f46-4b39-9d77-0001aa54f1f4
Leaky Black,216,100.00,baf1b89d-5bf9-44d8-ae08-43b643b89914
Sean McDermott,216,100.00,b5d46463-618d-4328-a3ac-31239ed7af7e
Tolu Smith,214,100.00,dea8af5c-b86c-4445-b191-20c7806e6a4e
Koby Brea,213,100.00,e2c4bc9d-2cb8-49d6-962a-07bed124b6c8
Emanuel Miller,213,100.00,9333d369-df08-4c59-9073-3164d584f481
Toby Okani,212,100.00,a6c4645d-9238-44cf-92aa-fd318ebb8ebf
John Poulakidas,212,100.00,12bf97f3-6476-4443-af11-5228771faf66
Lester Quinones,211,100.00,e4c6a53d-37a8-4278-9230-5a9d9ccc6d02
Taylor Funk,209,100.00,951413b1-0a17-4edf-841a-5ca7b9a2c275
Abou Ousmane,208,100.00,585d08a6-4aa1-45ad-81f0-76cb2c579ab1
Luke Goode,208,100.00,4144db18-4210-42b8-af58-fd1dd83e87c6
Max Abmas,207,100.00,23961594-cb8d-4560-b709-2ace5a6b16a4
David Roddy,204,100.00,ab0a4d97-fd7b-40d9-a72f-b2a862039584
Arthur Kaluma,203,100.00,c7a03fd4-8ba5-4f9e-b62d-db9492da6f1c
Jaden Akins,203,100.00,e6acbf72-2032-4b3f-9672-62f8052c1873
Jeremiah Robinson-Earl,202,100.00,1a9ac6bd-8b02-4fe8-8096-c435a2a90100
Wendell Moore Jr.,202,100.00,96f746dd-7dfb-4ea4-a98c-39ed5d2a0fd5
Dalano Banton,201,100.00,ccd8ec3b-3e5b-4f39-9b41-91882f179a73
Felipe Haase,200,100.00,a03683d7-864f-4a20-ba32-5a8d3263c1fa
Nate Williams,200,100.00,3ab12c09-2aae-4bc0-a45e-0132e6751116
Matthew Cleveland,200,100.00,45913c55-0376-4b4f-9935-00471ffb3033
Orlando Robinson,199,100.00,e58d10b8-dbfa-46bc-9b80-d078501bcce7
Isaih Moore,199,100.00,ea2cbcac-0b28-454f-a3f7-a30bb1d6fbb1
Daishen Nix,199,100.00,06212573-e2e8-4bfa-98cd-4484063dead1
Alize Johnson,198,100.00,c97ec77d-b190-477c-8f04-2d8be4554830
William Baker,198,100.00,dc9d21e3-68f0-4270-a358-8e68da5bbafc
Kendall Munson,197,100.00,11a2c3b6-617d-4889-ac4c-dc3821c6375a
Tosan Evbuomwan,197,100.00,3836af33-7171-4f6b-b4e3-7dc129d8efa6
M.J. Iraldi,196,100.00,bc70e8c9-c8ff-44fc-b539-10f863d5efec
Sean East II,195,100.00,673bd14c-085f-4173-9211-d62ae307b0e3
Drew Peterson,195,100.00,b385f90c-bbc7-4346-8507-4d626e2c0c61
Josh Christopher,195,100.00,207daaca-464a-4e71-8c77-cae31615c0e3
Damion Baugh,195,100.00,bcde43ef-a7dd-4d4d-9d7e-a0585052e0b9
Patrick Baldwin Jr.,192,100.00,45b328c0-b3b8-4a36-a0c1-28e39227ca85
Javonte Smart,192,100.00,a340ee6f-51b2-400d-8c06-295617b4c779
Jacksen Moni,192,100.00,b16076ab-b7f1-4f61-b1ce-87471a1be027
Andersson Garcia,192,100.00,9b93509f-b8d1-4066-ba4c-6338fed2a84f
Charlie Brown Jr.,191,100.00,dfa6209b-514d-438b-9c4c-bd6f1ff85613
Bez Mbeng,190,100.00,117522bd-3f51-4ef9-99ae-8cf060df132b
Amari Williams,189,100.00,7f8f2047-20da-4fde-b1c4-e046ef5d94f1
Igor Milicic, Jr.,188,100.00,96e51137-1852-4b4b-8809-7d07d81b22a8
Javan Johnson,188,100.00,5bf3dc6a-f0bf-4146-9233-0714a95538e5
RayJ Dennis,186,100.00,5c2a5944-cadb-4619-8b0d-04338c63a470
Matt Cross,185,100.00,8b71b1ce-93f8-4cf0-9099-64c91af44202
Yang Hansen,185,100.00,c6156c46-4275-4470-bed6-6c382811ef91
RJ Melendez,184,100.00,090cc6af-edb2-4cf8-a374-9b90193c330d
John Tonje,183,100.00,5bfe6dcb-3da9-45f9-95c0-ed690168c7ba
Stephen Thompson,183,100.00,41e105ed-f146-4aef-a65b-262abde1841e
Alondes Williams,182,100.00,e555cb48-990b-4ef7-8464-59adc6adf34d
Alijah Martin,182,100.00,c1035422-a088-42e6-8ad3-db400bb52aa1
Jon Elmore,181,100.00,65bebd10-aa65-48ec-845f-2efcb122287a
Matthew Murrell,181,100.00,42aff9d8-9839-4949-ac9d-97663c8eae23
Jeremiah Tilmon,181,100.00,285400dc-29c2-4d6a-83a0-5b87049c14f0
Dwight Murray, Jr.,181,100.00,7880b823-77c5-4925-a287-1af2424a923b
Miller Kopp,180,100.00,817c559a-6812-42ce-8373-1e8132f3b917
Tyler Smith,180,100.00,b701694c-6da2-49de-b9a7-ae092466ce67
Ibou Badji,179,100.00,9e3a3a92-a664-48f7-97d2-0f8f27735dbd
Malachi Smith,178,100.00,cf11631f-67ad-4f08-9466-e66859baa68e
E.J. Liddell,177,100.00,f76c835b-10f6-42aa-aafe-3c87b5be8866
Donovan Williams,177,100.00,12136b74-23d8-49b4-b4de-98a320969c76
Aaron Scott,177,100.00,800b6f8d-e4b2-40c8-9891-40fa3f84efc3
Nate Santos,176,100.00,5d98e4d9-9d4c-416e-896e-662ef6de036b
D'Moi Hodge,176,100.00,4fca8d39-a522-46f0-b222-226b8180e35a
Chris Livingston,175,100.00,f79d533e-f423-4752-a088-6d507d795bdb
Tyreke Key,175,100.00,a9ab59d3-2f04-49b0-b4fd-a265d98af568
Sean Pedulla,174,100.00,6068f2de-9744-432d-b3f4-f73da0894927
Kennedy Chandler,174,100.00,90cef14e-ebcc-4a00-94e1-b06d8ca04701
Kobe Bufkin,174,100.00,9e453254-b85d-43ba-a615-8bf683d94834
MarJon Beauchamp,173,100.00,a17b838f-efcd-4d85-adab-39e05d579e13
Payton Sandfort,171,100.00,54f7a3fd-6e94-4630-9ca3-e05af980008d
Tyrese Samuel,170,100.00,f4159312-f59d-46f6-a72d-afb990d1e80a
Derek Ogbeide,170,100.00,4f5b0cc7-0740-4ebb-8b37-c464b1f421f3
Jahmir Young,169,100.00,dc80c41d-ab1d-4aa4-be9f-8830d7e0dd62
LJ Figueroa,169,100.00,629382e8-fcc6-4974-b0a3-99fd67940f2d
Lachlan Olbrich,168,100.00,684950fe-3bcb-47f2-8bfa-a9941e216b28
Caleb Houstan,168,100.00,0ac0ed6b-ebe7-4dcb-b924-c14e31262efc
Jaxson Robinson,168,100.00,e7e970a3-7025-4ccc-b0f7-271f94238ee5
Jonathan Mogbo,168,100.00,12f2cb53-d3a1-4a42-b6ed-9238a8eab4f7
Viktor Lakhin,168,100.00,386162d7-b5e6-4aca-9174-cfba1382d491
Sheldon Edwards,167,100.00,8d385c74-6c2b-4704-ad41-8e5519b11012
Nolan Hickman,167,100.00,b8b01afe-00df-407e-b0ee-229eacce163c
Lucas Williamson,166,100.00,f0ae386a-6794-4f37-b447-84822aa60c4b
Mo Bamba,165,100.00,ee761e41-d0d2-4a56-84cf-353e2ae5a961
Trevor Keels,164,100.00,58189b84-2563-4034-984b-e61021022c4c
Terrence Hargrove Jr.,162,100.00,06c40ea5-9150-470e-8f6a-7cde4a102ef6
Sean McNeil,161,100.00,4f71e857-f644-4dfc-9ae8-65416c90df71
Victor Oladipo,159,100.00,ff415fa8-89ef-11e6-bc85-a45e60e298d3
Ahmad Caver,158,100.00,b37bbd3b-102d-42c2-9bfe-7874d64e9068
Samson Johnson,158,100.00,68596e1c-c815-41b9-ae9b-a8179fee1f36
Zeke Mayo,153,100.00,2aa9c687-ca9d-4478-a2c7-8f2797b308b2
Jabri Abdur-Rahim,153,100.00,5ba18e46-b710-44bf-8369-1185adf0ce77
Marcus Garrett,153,100.00,723b0c0c-ac5b-4b0c-b84c-01da7be6c705
Jarron Cumberland,153,100.00,46d86ca8-8056-40c4-8024-2ba83293aa17
Keshon Gilbert,152,100.00,10762d58-0a4c-416e-8e01-0af744c29286
Kameron Warrens,152,100.00,14a1175f-1e82-4a12-9edf-f9445dc58270
Hunter Sallis,152,100.00,6d6c60fb-827b-4b00-9033-8fb8a4fb0f32
Mark Sears,152,100.00,6af77143-6aac-4199-ac80-bfa704e2ca51
Colin Castleton,151,100.00,cb160212-66c3-46cf-8728-c0d6612456f8
Dylan Cardwell,151,100.00,fb79aa4f-8468-454c-80db-1768d95b4e42
John Knight III,151,100.00,534e334e-2adb-4b8c-9614-8552f0dc5f6d
Cormac Ryan,150,100.00,f3f41cea-955b-4ff5-b6fc-69991789d721
D.J. Carton,149,100.00,b902fc9f-4b1a-417f-8af7-bfa5c66c95a3
Manny Obaseki,149,100.00,e4cdd91f-718d-4c35-95d1-b3aa28ef79b5
Kaleb Johnson,149,100.00,51e2e08f-d07e-4dbd-a05f-bba8e5c69f96
Martez Brown,149,100.00,15a40435-a0cb-41f5-8680-120339364fa1
Oscar Tshiebwe,149,100.00,9234048a-d7a7-4f77-8d48-3b95b6365ae0
Jaylen Martin,149,100.00,70021baf-68ca-4b04-a865-fe10b1450b62
Blake Hinson,148,100.00,64b12646-2555-4dd0-98eb-cb169b3ee58a
Jaelen House,147,100.00,e14de0fe-50fa-4322-a5a2-55cb2137e6f2
Matt Allocco,146,100.00,1542fce4-02f8-434c-8e0b-c655313fea33
Chris Mantis,146,100.00,d2d320cb-de1d-4f2f-b238-9697f02b41ff
JaQuori McLaughlin,145,100.00,a05930e9-6846-4c42-b5d6-f859b92d97fd
Kira Lewis Jr.,145,100.00,ce287780-67de-44fa-86c2-d87dec5a1e28
Ibrahima Diallo,145,100.00,505bb488-33f9-485b-9cce-e0533d462cf1
Charles Bassey,145,100.00,089bae1f-5cd7-438c-8ebb-061918727a25
Caleb Grill,144,100.00,bbae8544-616e-4d08-9a98-a20e5d47e694
RJ Felton,143,100.00,a593fa2b-cb79-4f8a-8139-bba7a2133f2c
Dariq Whitehead,143,100.00,9f8b2ee3-8cc5-4a92-aeb9-c8c52d6e37a2
Dennis Smith Jr.,143,100.00,4a0f330a-e571-48c4-a685-f82c9436c964
Justyn Hamilton,143,100.00,7be325aa-4951-4bc9-948d-d4177d4cbb1c
Marcus Burk,143,100.00,017ced69-5d96-4160-b064-3a051a5c9efe
Brice Williams,142,100.00,bc4eee96-6dec-4e4c-ac60-d467785926cb
Kobe Stewart,142,100.00,9c8748fc-6d1c-4911-99a0-94e1cf486b48
Zack Austin,141,100.00,cdb9a6bd-2259-43bc-9209-03da5b72234b
A.J. Lawson,141,100.00,ed39e2d6-ce65-43e5-9ea9-d579d0526a1f
Pacome Dadiet,141,100.00,810fd8fe-5999-4962-9441-004f4a25fea2
Javonte Cooke,140,100.00,0c8af3e4-85bf-4c62-921b-d5cc21594198
Kyle Rose,140,100.00,c7fe17cb-17b0-4fe5-bfde-60cdce624f03
Zyon Pullin,138,100.00,21f03dac-c84d-48c5-80ce-a54781f63914
Stefan Todorovic,138,100.00,a0dbe31a-75c6-4777-a920-d506c5633bdf
Ron Harper Jr.,137,100.00,0fc9db0f-ca5e-49e9-a003-973fa4fd8839
Luke Travers,137,100.00,ef24e628-6674-47d2-8fea-a8ceb61e0fb6
Kalib Boone,137,100.00,57657681-6e1c-4701-8298-93f30846effc
Drew Timme,136,100.00,30998b89-18c0-4086-ae61-1830056bb1b7
Daniel Batcho,135,100.00,72e13ad0-9840-41e7-b88f-ab295ef762fb
Buddy Boeheim,135,100.00,b19737e4-2806-4548-b14b-2062175fb05e
David Jones Garcia,133,100.00,8207e744-783c-4fac-8d78-52acb829f00c
Liam McNeeley,132,100.00,ba22d012-f7ce-4a1a-873e-d6c3ccf7ae5a
Darius Brown,132,100.00,b7ae8764-a482-4551-82ac-7a91c8292e4b
Brooks Barnhizer,132,100.00,6b9ff8ac-a24a-46b2-8a4a-4f4015c6b353
Jaden Springer,131,100.00,8a1c8d1a-13c8-487e-b85e-6b10ecc1d39f
Tyler Polley,131,100.00,e48e99e8-0b78-493c-9d6f-15b65e7869c6
Chase Hunter,130,100.00,50fd1b80-b17c-4168-9cd8-b67adeef9040
Miles Kelly,130,100.00,8e41f240-6f89-4f54-bcc5-534112efd3c2
Isaiah Stevens,130,100.00,27b14c86-8f8d-4cd8-a8ec-bb051cd871bc
Jameer Nelson Jr.,130,100.00,55218f5a-96d0-455d-953e-1af096389bc1
Khaman Maluach,129,100.00,d4dcccfe-9470-4fef-bac2-e9f6aa1cfd32
Mark Armstrong,129,100.00,3bc6f704-0fda-4f85-a681-a41d1178948b
Keyontae Johnson,129,100.00,d5348336-15a5-416f-8312-bd7030a6277b
Mitchell Mascari,129,100.00,fdc935b9-0c73-4ca7-ba6b-f3b5aa1f2205
Kobe Johnson,128,100.00,9f123592-d747-4a41-b903-ad6bcb6ac751
MJ Walker,128,100.00,2733a0f6-5816-47e9-9972-a4f253f15038
Alex Antetokounmpo,128,100.00,34a56ad4-cc65-4406-9566-ff884e10c7af
Caleb McConnell,127,100.00,9ea29be6-8741-4b28-9a3f-b73d1919c900
Au'Diese Toney,127,100.00,a127ee52-bbec-46b6-990c-93a2c3d57b87
Antonio Reeves,126,100.00,19004e0e-7982-4513-bdba-24e11e49d49d
Taelon Peter,126,100.00,c870f7e6-686b-40b6-859c-ced3b397cbd8
Micah Potter,125,100.00,1e89c60d-b20e-4499-aba4-b13dba295a52
Jordan Minor,124,100.00,ec389395-e86e-494f-ae34-b2b08a74437b
Jordan Hall,124,100.00,4b98be48-a61f-4372-8f5d-25f914555a83
Wade Taylor IV,124,100.00,d809ed56-e0c4-48ab-9cb2-e6e94a8c0842
Killian Hayes,123,100.00,9a826fec-5df7-4a14-8637-3364dc9433c2
Chris Youngblood,123,100.00,35206de4-a3c1-415a-b596-126c0ab7b44a
Chance McMillian,122,100.00,d40fdb50-4ea9-488f-85e3-aa57164f9d0a
Moussa Cisse,121,100.00,b4769ff6-6ae9-446a-a262-0b849da72338
Cam Carter,120,100.00,a183c842-9603-4691-9abd-612235152ad2
Trey Galloway,119,100.00,8303a10f-1748-43ee-9c4c-59abdffdaf87
AJ Hoggard,119,100.00,91fbbfa3-eabc-4c5d-b0d0-b2fc674c84bb
Osayi Osifo,119,100.00,c1f25993-dd81-43fd-a710-d7b67b6bd974
Paul Zilinskas,118,100.00,fb3799f7-55e6-46cd-8dba-16e86ee83d37
Bobi Klintman,118,100.00,61c18542-cf37-49c7-b486-337bb809d326
Johnny Davis,118,100.00,bd507dbb-cb87-4e45-ad2e-1990df07ac20
DeJon Jarreau,117,100.00,3cd02b89-3d2f-46ff-b392-29215f6825b4
Isaiah Crawford,116,100.00,cc5a020f-5862-494b-a997-26288b4f4f12
Donte Ingram,116,100.00,1034b6f9-7fc5-4f5f-94fa-2ab920658dd3
Ebenezer Dowuona,115,100.00,d435507a-b78e-4251-8feb-ad8c5d01dcb1
Jonas Aidoo,115,100.00,18e9a256-6619-4a10-a5dd-2c89bb7cfb0a
Tevian Jones,115,100.00,1d44afa0-7106-441c-b8ed-cc5e216e866b
Trey Townsend,114,100.00,32735ab8-9eea-40c1-93be-395428840de8
Ethan Thompson,114,100.00,e303b1cc-a268-4f85-8063-e447c757ede6
Cameron McGriff,114,100.00,55ec130c-b918-4d9b-9fe5-9b79a5f370f2
Cameron Hildreth,113,100.00,2c4cbc5a-83fe-4562-afdd-859499b77aa5
DJ Rodman,113,100.00,18ec54f9-3c06-457d-a0c8-04f2aa513754
Asa Newell,113,100.00,eb38ea24-c68c-4f72-9a55-2e397b4f0124
James Akinjo,112,100.00,889010b1-1e41-4488-97c5-030be0d70083
Tyson Etienne,112,100.00,316deed2-3f6a-4c1c-9508-2dd0c937cd4c
Deivon Smith,110,100.00,9ffb6f28-8fa0-4650-bd30-47f8aa7235a2
DaJuan Gordon,110,100.00,b7cd24eb-bd7e-4dcc-99a2-7236606d1541
Pete Nance,109,100.00,a9d51846-7123-4773-be70-de509c877a08
Lacey James,108,100.00,04c6579b-6a42-4b88-944b-6cc896241e84
Desmond Cambridge,108,100.00,5f4ae0bb-b9a5-4c83-8441-1e627500c265
Ryan Woolridge,108,100.00,a4f5f591-7988-4761-b96d-5efb627bd420
Quincy Guerrier,107,100.00,e7a09800-4dd6-4745-8dc3-2bb848800f9e
Garrison Brooks,107,100.00,146c7c56-b7ad-4925-8a9e-93d2c5db55bc
Hank Morgan,106,100.00,29d938d7-ce0a-4aba-9b2e-b17b2e8d8ee5
Joan Beringer,106,100.00,325d465a-ead8-4773-875c-a3fd83d18f23
Reynan dos Santos,106,100.00,e3cdc093-14ad-4686-ade9-7fc70c5a5a88
Brian Taylor,105,100.00,ef62751a-0816-46fa-9160-054ef9ec64e4
Grant Nelson,104,100.00,c4012fed-7c3d-4171-a8c7-3432c061c9d7
Jarkel Joiner,104,100.00,994212e5-17be-4696-bd46-0efcd68787bc
Bryson Warren,104,100.00,de89d563-ec4f-4356-8cba-afd95b5a975a
Dereon Seabron,104,100.00,9cd83bc4-5c2c-4f4d-ba20-8fc69a4cfa8a
Kadary Richmond,104,100.00,5f0c2302-aaca-4ac1-b70f-f25abbe14186
Teddy Allen,103,100.00,03318058-7f1e-4d54-a8b4-cbaf7e836a78
TyTy Washington Jr.,102,100.00,0b1c2f8c-380e-4f07-85b0-3b5ff4650d00
Ruben Nembhard Jr.,102,100.00,27574eb5-d76b-4147-882e-38f3edc014b3
KJ Jones II,101,100.00,b34e01c3-fde9-402e-a381-1abc45ea21fb
Trey McGowens,100,100.00,a17cb8d2-4fe7-49a1-b4b9-e56f6316d694
O'Mar Stanley,100,100.00,c35585ea-5c0e-4c72-bd00-07eceb71ee47
Cameron Brown,99,100.00,c2df5312-12de-4f83-9d1a-3f3c2ab6148f
Cody Martin,99,100.00,0000b397-3cf4-4dd4-a910-000000000131
Keyshawn Bryant,98,100.00,8bfb0e3f-2c04-4dd5-ab0d-c7bf453b1ed5
Trentyn Flowers,98,100.00,c917a1b8-8537-4dbe-91bb-c8e376d71ee4
Seth Maxwell,98,100.00,12d95e3f-d714-4300-978c-245c9d0f302c
Evan Gilyard,98,100.00,0f656aa8-c62c-4fad-ad9f-3442cdc15e50
Paul Watson,96,100.00,1aae577a-f08a-437b-81ed-160d66e586b9
Makhi Mitchell,96,100.00,fec781d1-53e1-4e5e-baf1-7937603be356
Jahmai Mashack,94,100.00,f851dd8e-83fb-42a9-8b76-cc5afe5350fa
Terry Roberts,93,100.00,6b0963ac-b00e-46cd-94e8-e60dc3238718
Elfrid Payton,93,100.00,ff4126dc-89ef-11e6-a96d-a45e60e298d3
Ben Coupet Jr.,93,100.00,8c1d8070-eb6a-44ee-bc37-0a07ad5267fb
Nikola Djurisic,91,100.00,0e381936-04ed-49fd-87b0-400686b3e145
Max Klesmit,90,100.00,ce1fc58a-6a2f-40f5-a83b-c0acdcdf2e01
Chase Jeter,89,100.00,ea3ac175-ec80-45da-aa31-7c38b04c7657
D'Andre Davis,88,100.00,93c1ccb9-a43d-42a7-a037-b8d2057acc02
Bronny James,88,100.00,ec9d7a06-798b-45e0-8eae-a5bfdd92f0ba
Sy Chatman,87,100.00,ea9cdbe0-fa96-437f-99d0-f1c67185f3e7
Matthew Moncrieffe,87,100.00,3d0d89b4-df1e-43a9-9870-4329d5e8161c
Charles Bediako,86,100.00,40e03646-000c-4ccf-a366-50f9477583e5
Jamal Cain,86,100.00,f42a8b63-1ab4-447f-b74f-be293fc58e99
Aminu Mohammed,85,100.00,6abaacf2-5a3c-4c72-b19c-2a645dd84022
Franco Miller, Jr.,85,100.00,d681a7cd-c0ad-4497-975c-f750b762a74e
Nate Hinton,84,100.00,2827a99a-9a36-4b8d-8ca8-e77e9771b69c
Kevin McCullar Jr.,84,100.00,1ebb0958-b242-4b10-a0cb-cc3182f35814
Hunter Cattoor,84,100.00,3b01bc5d-08ef-4a1a-afff-52c5c9f81849
Steven Richardson,83,100.00,1baa93ad-ae20-4faf-b428-11c4aac33778
Yanic Konan Niederhauser,83,100.00,c4c0b9a3-5f7e-4611-977b-e0d73c08a29c
Nolan Traore,82,100.00,4b2dd1ee-169e-4af4-9877-1e600ccc1ac5
Alex Schumacher,82,100.00,74b58589-0ca1-4a71-ac83-93c57a2e8b83
Nojel Eastern,82,100.00,b2251f82-7770-4e0b-994d-c33ff4a1b39d
Adama Bal,81,100.00,3559f9a3-9132-409e-a701-a4c5757cb325
Adam Flagler,81,100.00,60b1ff6f-7e65-4d93-8b0b-fe76747cb0db
Ben Saraf,81,100.00,f92bdf23-732f-412f-9b84-9c088cd9474b
Tre King,81,100.00,2928912b-dd61-4f60-aa20-a01d295e03d6
Chucky Hepburn,80,100.00,4ac4a0ab-ea85-4870-8bd5-9670073a3df4
Tidjane Salaun,80,100.00,abc5b21b-f2eb-40cb-a9e6-6eb5abeafe60
Kyle Guy,79,100.00,9eed3d99-6049-4cd0-96bb-4fabb8ad8ddd
Keshad Johnson,78,100.00,c5cb7e86-5c88-4bd2-bf14-22a65e7bd094
Keon Johnson,78,100.00,7cfacef2-8c7b-41e7-9df3-4a570a6de468
Steven Ashworth,78,100.00,63e0883f-eae7-4a6c-ad8f-c7670247241e
LJ Cryer,77,100.00,51c89cc1-c192-4e07-878a-436ad5c2c70a
Bryce Thompson,76,100.00,cc61028a-3c21-4917-a6fe-607bb4085636
Erik Reynolds II,76,100.00,f3572151-dba9-4dc4-a48a-792e17a3180b
Chaz Lanier,74,100.00,3ff2c55c-8857-4cde-85eb-a42b87da7dcd
Dajuan Harris,74,100.00,51b4a0a5-880c-48d7-a342-2b25ec6cc206
Symir Torrence,72,100.00,6779419d-662d-4a38-b2ea-cb8e012eed8f
Augustas Marciulionis,71,100.00,89ff2dfc-818b-4d2a-beba-efe0422f6d4c
Jonathan Pierre,70,100.00,94306db4-8243-44b3-9f3e-eb1dd9e258b7
Nikola Topic,69,100.00,deb86c8a-aaa2-472e-a66d-a1cbace2c797
Michael O'Connell,68,100.00,e4133038-cf2f-4227-a6d5-566eb968a245
Ariel Hukporti,67,100.00,91a10e2e-9784-440d-b0a4-83a8db044c1d
Damari Monsanto,67,100.00,63a42b38-d8f6-4214-aa03-cb4263b02a9a
Micah Parrish,66,100.00,a233b4d2-746c-48be-9d0d-ce655385c605
KJ Simpson,66,100.00,1287087b-e6ba-41f9-b2b5-a3d2d1c8d682
Patrick McCaw,66,100.00,ff42a38f-89ef-11e6-bb23-a45e60e298d3
Tamar Bates,65,100.00,4e132a3e-20b7-4058-9b69-c71ed0bfd654
GG Jackson,65,100.00,de22ebf7-4f76-48b4-805b-b5f87858922f
Quincy Olivari,64,100.00,cbbbce73-763b-4e1d-820b-1b8f62857eaa
Stephen Mitchell,64,100.00,1d1c157c-d6cd-492c-8ac1-aca3b6d6c04f
Yuri Collins,62,100.00,7a58adf5-73d4-4f5e-b042-6ab0d8862313
Isaiah Hawthorne,61,100.00,e186218b-ea58-4542-af85-ac121949c255
Zhuric Phelps,61,100.00,cbddda95-fa69-4ae6-b6b0-247f5c669b7f
Rasheer Fleming,60,100.00,4639f41a-c88b-4cf0-91c2-c36d9d4c1e5c
Nathan Missia-Dio,60,100.00,ef69e667-2cb2-4590-bb9e-561480e2abeb
Johnell Davis,60,100.00,7ddd09bd-a98c-468f-ac39-239c33fe8d79
Cameron Parker,59,100.00,15e3cffa-aed2-4d74-a8e0-ec06dfea63c6
Justin Jackson,58,100.00,0867f70d-4848-4664-82fb-db397233e78f
Jamir Watkins,58,100.00,84ba6ce6-9c37-4225-8f84-14a5cbacea65
Jamal Bieniemy,57,100.00,5659992f-2487-47ce-83f7-baedce2a090e
Kellen Tynes,57,100.00,83a05254-611e-4587-a927-613bde48b6ba
Riley Grigsby,57,100.00,5b7fafbf-2163-4b93-a29d-fc83e9946914
Yuki Kawamura,56,100.00,3d921f8a-1119-4e42-be46-c22ae84d5f58
Myron Gardner,56,100.00,8de6d5bf-730c-4c48-8f00-7f9da72e979e
Danny Wolf,56,100.00,0b1b2334-050a-4f4e-bae7-3865147c950f
Jay Scrubb,55,100.00,8488ec31-e9a6-4535-a007-3b6fb6c5f1bd
Pedro Bradshaw,55,100.00,881e8c41-f4cb-44fa-9caa-782d1e294daf
Colby Jones,54,100.00,80ea0675-30db-4ebf-b37f-eb50552e8d0e
Nick Smith Jr.,53,100.00,b2d1fbf7-72be-4469-b0c2-db6677a145bd
Tyrese Hunter,53,100.00,4f89702e-6e19-48ef-9be1-8da8a0837a2f
AJ Johnson,53,100.00,2b0ac9c2-0fa5-4ee6-9881-03b737e11dc3
Pierre Crockrell II,52,100.00,1a254905-e1db-43b8-9f5c-b1bf4e663150
Sharife Cooper,52,100.00,2d470912-d9ac-4456-916c-372fc4c84cdc
Emoni Bates,51,100.00,9f1d3f5e-1bf4-4a41-81f4-516081353643
Jazian Gortman,51,100.00,dd6ea48a-5adc-4411-bead-f2cf2861a9ce
Jahlil White,50,100.00,e21b31ea-a8e5-41ad-89b1-72a56bdf59e1
Cameron Martin,50,100.00,99e062a8-b28c-47b0-9682-92a5d2461cd1
Dawson Garcia,50,100.00,4aa2ea37-df6a-43f3-9838-5bb4d2e13186
Kaden Anderson,49,100.00,d3403310-4ad2-4ea2-9072-623f9adefc8d
Elijah Harkless,49,100.00,629588b6-9560-45b9-ae52-ff90c299fc4d
Christian Koloko,49,100.00,efbab460-ac97-49e1-aa9f-6e7da27ab2df
Lahat Thioune,48,100.00,81875c9a-a727-4662-bd59-5ce020b80d6a
Jackson Rowe,46,100.00,87777cd1-2099-4edd-8256-f29343fa0fd4
Jason Preston,46,100.00,b609ade3-6177-4d12-8f4d-e717beb97f97
Brandon Slater,46,100.00,eb81af0f-e8c9-4a55-a018-bb56cbc130ff
Adou Thiero,46,100.00,9b945fc0-d3bb-405d-bf43-95c6e7d7e87b
Craig Randall II,45,100.00,57c94d1b-101e-4b0a-afc5-d9716233e92d
Kevon Harris,44,100.00,8190d885-1fd0-4dad-99d7-2431cc018492
Omar El-Sheikh,43,100.00,bdfadf82-2b4c-44e8-ae46-a6e3c9957744
Wooga Poplar,43,100.00,b3aaee9c-4272-479b-9fdc-7b99458903ea
Taylor Hendricks,43,100.00,91ee33ca-2f8a-421c-8a4d-b0f98d5bc54c
Noa Essengue,42,100.00,fe09888e-ef47-4152-a457-e6f4e04aee54
Terry Taylor,42,100.00,0852ab90-243b-4951-bfb0-c536f151cba5
Derrin Boyd,41,100.00,6dfc6fb5-d921-403b-b590-c1c4c3e900a9
Marcus Bagley,41,100.00,a39bf7f9-11fd-434e-9673-4a184061ad7d
Devin Carter,41,100.00,8a8e683b-3939-4208-b55c-bc9cefe13a54
CJ Fulton,40,100.00,e2d1008a-5cc8-4a4d-9f54-0bacfbd083be
JD Davison,38,100.00,833b573b-1366-463c-92ea-56e7718c0dc6
Vinicius Da Silva,37,100.00,63049d09-0880-48ee-af08-c8f25b874237
Caleb Stone-Carrawell,37,100.00,c0ac23b6-44cc-4fe7-8a81-560c7fc1003d
Ethan Taylor,36,100.00,b4569bbc-b31d-4504-a59a-fe40691d1d00
Jamal Mashburn, Jr.,36,100.00,e2dcfe4a-9e16-4ab8-8eee-e15ca0db6eb5
Nathan Mariano,36,100.00,6e090c81-2a42-43d1-9e4e-bd5a04f09b10
Zach Hicks,35,100.00,8e62f792-31da-4509-a4a8-d0bd4144b94a
Dakota Mathias,35,100.00,9f1f34c6-66d2-4093-9328-d2fffffb97d5
Antoine Davis,35,100.00,cc05d44b-5260-48a3-b9b6-61ce282a67c0
Cam Young,35,100.00,f61521e8-e7f3-4526-a0fa-efedc3c820ca
Garrett Denbow,35,100.00,13631116-cd60-4bc0-9a41-6fed5d44b41c
Markelle Fultz,34,100.00,1114f266-df53-4313-b425-0021dd87864b
Eli John Ndiaye,33,100.00,541d7cbf-04ae-40eb-9401-fc9f1fffdcf2
Philip Alston,32,100.00,f05622f9-9133-4b26-8fce-07c056dbcf6c
Jordan Bell,32,100.00,07a35d50-2dd1-4476-a9ac-b6e7154ce069
Branden Carlson,31,100.00,c401774b-397d-4c15-93a0-592eb4752dac
Giddy Potts,30,100.00,7ac29d25-418d-4bf3-b302-cda0f4aa7cae
Ace Baldwin,28,100.00,6ab19369-4aa1-4aa6-8274-b595ac8902be
Kasparas Jakucionis,28,100.00,f4881a74-343b-4005-b701-3f53c512aba6
Kam Jones,28,100.00,93ff04cb-5390-4709-a521-c7ce58713f31
Jacob Toppin,27,100.00,9e0abf37-2963-4f62-b8f7-104fefa58273
Jamaree Bouyea,27,100.00,e35aa016-05af-4a0b-92b3-b0d987d11892
Lance Terry,27,100.00,2c5a45b8-029d-4556-9186-221becde7ae7
Cody Williams,26,100.00,8b49e58d-df58-4e21-b984-2bda3ce246e6
Vernon Carey Jr.,26,100.00,9dc84f16-116c-451e-a191-b54f210fecbe
Obadiah Noel,26,100.00,ae301693-1228-4496-9f09-3dede6e84191
Omer Yurtseven,26,100.00,6811ad75-3527-4bfc-b0bc-8fd46ec62535
Josh Minott,25,100.00,3dafdc09-40d9-4934-b9c9-8be3bd3eb90a
Jaykwon Walton,25,100.00,59731b4a-481f-4699-a3fe-f39676cc079b
Drake Powell,25,100.00,ed72fbc9-1066-46d8-872e-9a437c4e536e
Ricky Council IV,25,100.00,9027d4b5-4d3d-4ee2-98cd-3d105aa7044b
Trayce Jackson-Davis,24,100.00,1991b894-8a5e-4744-a72d-9bd7cb7663c3
Will Riley,24,100.00,3fb6c927-c443-46a9-aecb-1105dfb05233
Justin Edwards,23,100.00,c2b8cc6a-c87c-4dc5-bfea-c4630c2b6f3e
Vance Jackson,23,100.00,2a70adf2-b7a5-4028-b567-a3b18585a709
T.J. Warren,23,100.00,ff401666-89ef-11e6-b554-a45e60e298d3
Javon Freeman-Liberty,23,100.00,a28cdf29-f659-4646-b964-87ec3c295ae4
Jack Gohlke,22,100.00,20e6b7dc-2172-4ce5-a2c7-f61c3c89d703
Tyler Kolek,22,100.00,40faa5df-7ced-449d-bd12-300a2938370a
Caleb Love,22,100.00,163d0a85-fc13-4c76-8e98-93aae28417d2
Devon Higgs,21,100.00,72b7a0bc-f1b6-4996-89e8-8c6535bd71c0
Rahsool Diggins,21,100.00,6404e275-f55f-42e5-8d36-cddd1661c335
Noah Penda,21,100.00,8257785f-b06f-4feb-a7c3-c58c4fbf99d7
Cheikh Mbacke Diong,21,100.00,7efefdc5-c8ee-4221-ac12-a35549517aa2
Rayan Rupert,21,100.00,f99ade9a-ec49-4d41-b7f8-7e1b16c9ed79
Esteban Ezequiel Roacho Amador,20,100.00,2d23e4fc-8b5f-4131-af0f-83b0ae3a2c69
Onno Steger,20,100.00,f033b782-7e16-4a10-b000-aff290ea4400
Issac McBride,19,100.00,e98d2d7d-61a8-42e6-9c79-f1c3d6667ec9
Jermaine Couisnard,18,100.00,395250e2-3fc7-41ec-b3e5-be2b920a6458
Cameron Tyson,18,100.00,18ede5d3-f2de-4f9f-a9c3-ffe37ac43566
Cam Reddish,18,100.00,5cef3c95-c7c7-4206-b70c-41f647f9498b
Dalton Knecht,18,100.00,b8da7ce7-11b7-4a94-acd4-f309bf4b6333
Geronimo Rubio De La Rosa,18,100.00,5bc79052-06fe-4165-bc0d-7121fc331302
Jared McCain,17,100.00,eb79ea6c-b337-448d-ac33-7e92219822ef
Mason Madsen,17,100.00,d745163f-0ba1-4894-9467-cb7553e99081
Malaki Branham,17,100.00,13030bd6-e3d6-4e2a-9685-88300bc4ec5f
Eric Ayala,16,100.00,0ed3aa02-c44c-4b25-a16c-d448d88b92ea
Julian Phillips,16,100.00,76ada8a1-6ec8-4915-b57e-fa234b1f2788
Ryan Nembhard,16,100.00,f43050bf-10e7-4919-95a0-272b4c616687
Kario Oquendo,16,100.00,1ea004d3-81c8-428e-920e-2fde02ccf379
Dalen Terry,15,100.00,8fc64d15-1d47-47e1-bb04-d03f75dccc5a
Olivier-Maxence Prosper,15,100.00,28df8a9e-306a-47ee-bb0e-55b9ea87d542
Tyrese Martin,15,100.00,1d3ff68e-d714-4f70-b952-02cf2252e990
Maxime Raynaud,15,100.00,31a1e47b-7784-4021-b7f2-31e4ef972892
Feron Hunt,14,100.00,5210db69-14a3-4c9b-ad2a-62c349f4ac65
Walter Clayton Jr.,13,100.00,ae81ff91-c142-4a68-b826-4ae75af6a94f
Elijah Cain,13,100.00,2ce0583b-9426-44be-820b-de29934964ee
Carter Bryant,13,100.00,18dc7187-8fc5-47bf-9779-e7a7694c498c
Marquis Barnett,13,100.00,7edec21a-68b6-453a-b51f-2e3827a52d7d
Javon Small,13,100.00,6b98a36d-b1bc-4b68-bd5b-0671580d44c4
Tylor Perry,13,100.00,0b9ca9bc-f567-4768-9cc5-5e42d6fc8dce
Jace Carter,12,100.00,d6029d99-f377-4558-8061-e383e37d162d
Trae Hannibal,12,100.00,636fef85-a117-4abd-96b9-a45df0f16b53
Ray Harrison,11,100.00,57be9a58-9fec-4727-b978-d75c7e33e914
Ray Spalding,11,100.00,ef25a4fc-8a16-4dd9-a1fa-e236cd842a32
Tommy Bruner,11,100.00,9819211d-c92e-4802-8be4-018f1efe7932
Chandler Baker,10,100.00,db071247-1883-4852-b647-0b794ee7cdee
Jean-Jacques Boissy,10,100.00,3cd15c37-c35d-4061-82f8-728bfefd34c9
Josh Cohen,10,100.00,e74d5547-334a-49c7-b5e5-a33913f3596c
William Hickey,10,100.00,5673cf85-4703-43f8-b541-dd3923d4c42b
Mohamed Diawara,9,100.00,cb172f69-5e77-4552-a43b-b2993cb7f689
Leonard Miller,9,100.00,0eaefaeb-b40c-4fc7-9086-902dc1ab2254
Kalil Thomas,9,100.00,1e30df52-91e3-4394-8265-d813a892b8c7
T.J. Weeks,9,100.00,7d91ff01-e290-4fe8-955f-093a15c1d3b5
Ray Williams, Jr.,9,100.00,5b0bdabe-6c41-4fef-bcc7-518987c7451a
Adem Bona,9,100.00,df125bae-eba5-488c-b948-9767e7090d40
Cam Christie,8,100.00,8a68ba44-d87b-41c9-94f3-c94e88cb37a0
Kobe Brown,8,100.00,751e59b1-45ae-45f0-bc03-01f6c87520a5
N'Faly Dante,8,100.00,d6eaf02a-27a0-4e40-8641-632e8d39f965
Quenton Jackson,8,100.00,2916816a-1e08-43ef-953d-a81bfe3503ee
Ileri Ayo-Faleye,7,100.00,8419ad0c-1d1b-41ad-a04b-4d8bd3aff0a0
Robert Woodard II,7,100.00,9bedc1b4-449c-42cb-b9a2-9b0cd3596329
Noah Starkey,7,100.00,f5063d15-52b4-45d8-9151-24339b9db9b3
Elijah Pemberton,7,100.00,0fd95fbb-b175-40e4-a6c7-4864b5678d6f
Isaiah Todd,7,100.00,1dbb419d-3008-45c5-aade-fb964248499e
Jaden Seymour,7,100.00,667eabca-780b-45aa-8d74-a3418e732e81
Joey Calcaterra,7,100.00,f07958e4-943d-41bd-add3-e75692af9566
Jase Richardson,7,100.00,1cc4e557-6ed1-4db5-8816-1c00724e5554
Nique Clifford,7,100.00,329049aa-89c8-439b-a0c3-dc93d3609931
Cameron Smith,6,100.00,bd762247-fb20-496c-af57-0abcde142d02
Blaise Threatt,6,100.00,7bf581f6-845d-4d34-9460-f09f129eb841
Jamiya Neal,6,100.00,bd101cdc-8e04-424a-8c61-034c93ff6be7
Michael Caicedo,6,100.00,315d7d14-0a97-43d5-bbf8-4b59a0938e21
Alejandro Vasquez,5,100.00,146e6f60-9f61-4669-902f-1f985d239c46
Jae'Sean Tate,5,100.00,80383c81-b671-4a11-b003-ae08fba34eb8
Davonte Gaines,4,100.00,6e74a308-26d0-4ebb-b5f2-5a0dbe334f86
Caleb Mills,4,100.00,05febea3-f49a-42f6-8214-9cdb36006544
Terrence Shannon Jr.,4,100.00,94d35dd4-a4fe-47ae-a856-cd0d5b1193a9
Jaden Bediako,4,100.00,d22cb3b8-91ce-4a2a-bae7-a358a426a9af
Jordan Forbes,4,100.00,d03f53e6-1f95-47b7-a843-dab2a10456f0
Jamison Battle,3,100.00,74f1f473-4fc6-4175-bf32-f1f99de73ef8
Alex Toohey,3,100.00,ac601971-3fa2-4aff-940d-0f5fa3745d0c
JP Pegues,3,100.00,dbabc9d0-e8c8-4399-92a9-047c7ffb580f
Parker Van Dyke,3,100.00,b25395ca-26fc-4977-bf67-3b99e73e1048
Tyrese Proctor,3,100.00,27207fcd-251c-4d7b-8d11-48823d8dab1b
Trevon Duval,3,100.00,94ca1f88-1f26-4d28-aeba-c686a5dde5e2
Dwayne Cohill,2,100.00,28c78fcb-5cfa-4d69-bf2f-416eef831e04
Josue Erazo,2,100.00,68813475-aec9-4124-948e-507895e853c7
Tony Carr,2,100.00,4eb5e112-86bc-45b5-a081-deb3f3aa0b67
Jaire Grayer,2,100.00,c641880b-c90c-465e-8564-f6a741fae84b
Matt Becht,1,100.00,37e8858f-5f40-4a44-8f60-2f6e2316aae8
Isaiah Moore,1,100.00,ffd1ae3a-bd10-436e-a214-71a0761663e4
James Reese,1,100.00,26f760b4-f286-403c-ae5b-8c4a2f2810ff
Kenan Blackshear,1,100.00,31c6650d-c76d-497a-a605-e6ab1a822212
Marcus Sasser,1,100.00,5fc1833e-3993-49a8-8970-87ad09b61dff
Keylan Boone,1,100.00,57039dfd-7492-49c5-b3c3-30c8422fda2d